2026-07-08 06:38:44 startup archives unpack
2026-07-08 06:38:44 install readline-common:all <none> 8.2-1.3
2026-07-08 06:38:44 status half-installed readline-common:all 8.2-1.3
2026-07-08 06:38:44 status unpacked readline-common:all 8.2-1.3
2026-07-08 06:38:44 install libssl3:amd64 <none> 3.0.20-1~deb12u2
2026-07-08 06:38:44 status triggers-pending libc-bin:amd64 2.36-9+deb12u13
2026-07-08 06:38:44 status half-installed libssl3:amd64 3.0.20-1~deb12u2
2026-07-08 06:38:44 status unpacked libssl3:amd64 3.0.20-1~deb12u2
2026-07-08 06:38:44 install openssl:amd64 <none> 3.0.20-1~deb12u2
2026-07-08 06:38:44 status half-installed openssl:amd64 3.0.20-1~deb12u2
2026-07-08 06:38:44 status unpacked openssl:amd64 3.0.20-1~deb12u2
2026-07-08 06:38:44 install ca-certificates:all <none> 20230311+deb12u1
2026-07-08 06:38:44 status half-installed ca-certificates:all 20230311+deb12u1
2026-07-08 06:38:44 status unpacked ca-certificates:all 20230311+deb12u1
2026-07-08 06:38:44 install libpsl5:amd64 <none> 0.21.2-1
2026-07-08 06:38:44 status half-installed libpsl5:amd64 0.21.2-1
2026-07-08 06:38:44 status unpacked libpsl5:amd64 0.21.2-1
2026-07-08 06:38:45 install wget:amd64 <none> 1.21.3-1+deb12u1
2026-07-08 06:38:45 status half-installed wget:amd64 1.21.3-1+deb12u1
2026-07-08 06:38:45 status unpacked wget:amd64 1.21.3-1+deb12u1
2026-07-08 06:38:45 install apt-transport-https:all <none> 2.6.1
2026-07-08 06:38:45 status half-installed apt-transport-https:all 2.6.1
2026-07-08 06:38:45 status unpacked apt-transport-https:all 2.6.1
2026-07-08 06:38:45 install libassuan0:amd64 <none> 2.5.5-5
2026-07-08 06:38:45 status half-installed libassuan0:amd64 2.5.5-5
2026-07-08 06:38:45 status unpacked libassuan0:amd64 2.5.5-5
2026-07-08 06:38:45 install libreadline8:amd64 <none> 8.2-1.3
2026-07-08 06:38:45 status half-installed libreadline8:amd64 8.2-1.3
2026-07-08 06:38:45 status unpacked libreadline8:amd64 8.2-1.3
2026-07-08 06:38:45 install gpgconf:amd64 <none> 2.2.40-1.1+deb12u2
2026-07-08 06:38:45 status half-installed gpgconf:amd64 2.2.40-1.1+deb12u2
2026-07-08 06:38:45 status unpacked gpgconf:amd64 2.2.40-1.1+deb12u2
2026-07-08 06:38:45 install libksba8:amd64 <none> 1.6.3-2
2026-07-08 06:38:45 status half-installed libksba8:amd64 1.6.3-2
2026-07-08 06:38:45 status unpacked libksba8:amd64 1.6.3-2
2026-07-08 06:38:45 install libsasl2-modules-db:amd64 <none> 2.1.28+dfsg-10
2026-07-08 06:38:45 status half-installed libsasl2-modules-db:amd64 2.1.28+dfsg-10
2026-07-08 06:38:45 status unpacked libsasl2-modules-db:amd64 2.1.28+dfsg-10
2026-07-08 06:38:45 install libsasl2-2:amd64 <none> 2.1.28+dfsg-10
2026-07-08 06:38:45 status half-installed libsasl2-2:amd64 2.1.28+dfsg-10
2026-07-08 06:38:45 status unpacked libsasl2-2:amd64 2.1.28+dfsg-10
2026-07-08 06:38:45 install libldap-2.5-0:amd64 <none> 2.5.13+dfsg-5
2026-07-08 06:38:45 status half-installed libldap-2.5-0:amd64 2.5.13+dfsg-5
2026-07-08 06:38:45 status unpacked libldap-2.5-0:amd64 2.5.13+dfsg-5
2026-07-08 06:38:45 install libnpth0:amd64 <none> 1.6-3
2026-07-08 06:38:45 status half-installed libnpth0:amd64 1.6-3
2026-07-08 06:38:45 status unpacked libnpth0:amd64 1.6-3
2026-07-08 06:38:45 install dirmngr:amd64 <none> 2.2.40-1.1+deb12u2
2026-07-08 06:38:45 status half-installed dirmngr:amd64 2.2.40-1.1+deb12u2
2026-07-08 06:38:45 status unpacked dirmngr:amd64 2.2.40-1.1+deb12u2
2026-07-08 06:38:45 install gnupg-l10n:all <none> 2.2.40-1.1+deb12u2
2026-07-08 06:38:45 status half-installed gnupg-l10n:all 2.2.40-1.1+deb12u2
2026-07-08 06:38:45 status unpacked gnupg-l10n:all 2.2.40-1.1+deb12u2
2026-07-08 06:38:45 install gnupg-utils:amd64 <none> 2.2.40-1.1+deb12u2
2026-07-08 06:38:45 status half-installed gnupg-utils:amd64 2.2.40-1.1+deb12u2
2026-07-08 06:38:45 status unpacked gnupg-utils:amd64 2.2.40-1.1+deb12u2
2026-07-08 06:38:45 install libsqlite3-0:amd64 <none> 3.40.1-2+deb12u2
2026-07-08 06:38:45 status half-installed libsqlite3-0:amd64 3.40.1-2+deb12u2
2026-07-08 06:38:46 status unpacked libsqlite3-0:amd64 3.40.1-2+deb12u2
2026-07-08 06:38:46 install gpg:amd64 <none> 2.2.40-1.1+deb12u2
2026-07-08 06:38:46 status half-installed gpg:amd64 2.2.40-1.1+deb12u2
2026-07-08 06:38:46 status unpacked gpg:amd64 2.2.40-1.1+deb12u2
2026-07-08 06:38:46 install libncursesw6:amd64 <none> 6.4-4
2026-07-08 06:38:46 status half-installed libncursesw6:amd64 6.4-4
2026-07-08 06:38:46 status unpacked libncursesw6:amd64 6.4-4
2026-07-08 06:38:46 install pinentry-curses:amd64 <none> 1.2.1-1
2026-07-08 06:38:46 status half-installed pinentry-curses:amd64 1.2.1-1
2026-07-08 06:38:46 status unpacked pinentry-curses:amd64 1.2.1-1
2026-07-08 06:38:46 install gpg-agent:amd64 <none> 2.2.40-1.1+deb12u2
2026-07-08 06:38:46 status half-installed gpg-agent:amd64 2.2.40-1.1+deb12u2
2026-07-08 06:38:46 status unpacked gpg-agent:amd64 2.2.40-1.1+deb12u2
2026-07-08 06:38:46 install gpg-wks-client:amd64 <none> 2.2.40-1.1+deb12u2
2026-07-08 06:38:46 status half-installed gpg-wks-client:amd64 2.2.40-1.1+deb12u2
2026-07-08 06:38:46 status unpacked gpg-wks-client:amd64 2.2.40-1.1+deb12u2
2026-07-08 06:38:46 install gpg-wks-server:amd64 <none> 2.2.40-1.1+deb12u2
2026-07-08 06:38:46 status half-installed gpg-wks-server:amd64 2.2.40-1.1+deb12u2
2026-07-08 06:38:46 status unpacked gpg-wks-server:amd64 2.2.40-1.1+deb12u2
2026-07-08 06:38:46 install gpgsm:amd64 <none> 2.2.40-1.1+deb12u2
2026-07-08 06:38:46 status half-installed gpgsm:amd64 2.2.40-1.1+deb12u2
2026-07-08 06:38:46 status unpacked gpgsm:amd64 2.2.40-1.1+deb12u2
2026-07-08 06:38:46 install gnupg:all <none> 2.2.40-1.1+deb12u2
2026-07-08 06:38:46 status half-installed gnupg:all 2.2.40-1.1+deb12u2
2026-07-08 06:38:46 status unpacked gnupg:all 2.2.40-1.1+deb12u2
2026-07-08 06:38:46 install libgpm2:amd64 <none> 1.20.7-10+b1
2026-07-08 06:38:46 status half-installed libgpm2:amd64 1.20.7-10+b1
2026-07-08 06:38:46 status unpacked libgpm2:amd64 1.20.7-10+b1
2026-07-08 06:38:46 install libldap-common:all <none> 2.5.13+dfsg-5
2026-07-08 06:38:46 status half-installed libldap-common:all 2.5.13+dfsg-5
2026-07-08 06:38:46 status unpacked libldap-common:all 2.5.13+dfsg-5
2026-07-08 06:38:46 install libsasl2-modules:amd64 <none> 2.1.28+dfsg-10
2026-07-08 06:38:46 status half-installed libsasl2-modules:amd64 2.1.28+dfsg-10
2026-07-08 06:38:46 status unpacked libsasl2-modules:amd64 2.1.28+dfsg-10
2026-07-08 06:38:46 install publicsuffix:all <none> 20230209.2326-1
2026-07-08 06:38:46 status half-installed publicsuffix:all 20230209.2326-1
2026-07-08 06:38:46 status unpacked publicsuffix:all 20230209.2326-1
2026-07-08 06:38:46 startup packages configure
2026-07-08 06:38:46 configure libksba8:amd64 1.6.3-2 <none>
2026-07-08 06:38:46 status unpacked libksba8:amd64 1.6.3-2
2026-07-08 06:38:46 status half-configured libksba8:amd64 1.6.3-2
2026-07-08 06:38:46 status installed libksba8:amd64 1.6.3-2
2026-07-08 06:38:46 configure libpsl5:amd64 0.21.2-1 <none>
2026-07-08 06:38:46 status unpacked libpsl5:amd64 0.21.2-1
2026-07-08 06:38:46 status half-configured libpsl5:amd64 0.21.2-1
2026-07-08 06:38:46 status installed libpsl5:amd64 0.21.2-1
2026-07-08 06:38:46 configure libgpm2:amd64 1.20.7-10+b1 <none>
2026-07-08 06:38:46 status unpacked libgpm2:amd64 1.20.7-10+b1
2026-07-08 06:38:46 status half-configured libgpm2:amd64 1.20.7-10+b1
2026-07-08 06:38:46 status installed libgpm2:amd64 1.20.7-10+b1
2026-07-08 06:38:46 configure wget:amd64 1.21.3-1+deb12u1 <none>
2026-07-08 06:38:46 status unpacked wget:amd64 1.21.3-1+deb12u1
2026-07-08 06:38:46 status half-configured wget:amd64 1.21.3-1+deb12u1
2026-07-08 06:38:46 status installed wget:amd64 1.21.3-1+deb12u1
2026-07-08 06:38:46 configure apt-transport-https:all 2.6.1 <none>
2026-07-08 06:38:46 status unpacked apt-transport-https:all 2.6.1
2026-07-08 06:38:46 status half-configured apt-transport-https:all 2.6.1
2026-07-08 06:38:46 status installed apt-transport-https:all 2.6.1
2026-07-08 06:38:46 configure libsqlite3-0:amd64 3.40.1-2+deb12u2 <none>
2026-07-08 06:38:46 status unpacked libsqlite3-0:amd64 3.40.1-2+deb12u2
2026-07-08 06:38:46 status half-configured libsqlite3-0:amd64 3.40.1-2+deb12u2
2026-07-08 06:38:46 status installed libsqlite3-0:amd64 3.40.1-2+deb12u2
2026-07-08 06:38:46 configure libssl3:amd64 3.0.20-1~deb12u2 <none>
2026-07-08 06:38:46 status unpacked libssl3:amd64 3.0.20-1~deb12u2
2026-07-08 06:38:46 status half-configured libssl3:amd64 3.0.20-1~deb12u2
2026-07-08 06:38:46 status installed libssl3:amd64 3.0.20-1~deb12u2
2026-07-08 06:38:46 configure libnpth0:amd64 1.6-3 <none>
2026-07-08 06:38:46 status unpacked libnpth0:amd64 1.6-3
2026-07-08 06:38:46 status half-configured libnpth0:amd64 1.6-3
2026-07-08 06:38:46 status installed libnpth0:amd64 1.6-3
2026-07-08 06:38:46 configure libassuan0:amd64 2.5.5-5 <none>
2026-07-08 06:38:46 status unpacked libassuan0:amd64 2.5.5-5
2026-07-08 06:38:46 status half-configured libassuan0:amd64 2.5.5-5
2026-07-08 06:38:46 status installed libassuan0:amd64 2.5.5-5
2026-07-08 06:38:46 configure libldap-common:all 2.5.13+dfsg-5 <none>
2026-07-08 06:38:46 status unpacked libldap-common:all 2.5.13+dfsg-5
2026-07-08 06:38:46 status half-configured libldap-common:all 2.5.13+dfsg-5
2026-07-08 06:38:46 status installed libldap-common:all 2.5.13+dfsg-5
2026-07-08 06:38:46 configure libsasl2-modules-db:amd64 2.1.28+dfsg-10 <none>
2026-07-08 06:38:46 status unpacked libsasl2-modules-db:amd64 2.1.28+dfsg-10
2026-07-08 06:38:46 status half-configured libsasl2-modules-db:amd64 2.1.28+dfsg-10
2026-07-08 06:38:46 status installed libsasl2-modules-db:amd64 2.1.28+dfsg-10
2026-07-08 06:38:46 configure gnupg-l10n:all 2.2.40-1.1+deb12u2 <none>
2026-07-08 06:38:46 status unpacked gnupg-l10n:all 2.2.40-1.1+deb12u2
2026-07-08 06:38:46 status half-configured gnupg-l10n:all 2.2.40-1.1+deb12u2
2026-07-08 06:38:46 status installed gnupg-l10n:all 2.2.40-1.1+deb12u2
2026-07-08 06:38:46 configure libncursesw6:amd64 6.4-4 <none>
2026-07-08 06:38:46 status unpacked libncursesw6:amd64 6.4-4
2026-07-08 06:38:46 status half-configured libncursesw6:amd64 6.4-4
2026-07-08 06:38:46 status installed libncursesw6:amd64 6.4-4
2026-07-08 06:38:46 configure libsasl2-2:amd64 2.1.28+dfsg-10 <none>
2026-07-08 06:38:46 status unpacked libsasl2-2:amd64 2.1.28+dfsg-10
2026-07-08 06:38:46 status half-configured libsasl2-2:amd64 2.1.28+dfsg-10
2026-07-08 06:38:46 status installed libsasl2-2:amd64 2.1.28+dfsg-10
2026-07-08 06:38:46 configure openssl:amd64 3.0.20-1~deb12u2 <none>
2026-07-08 06:38:46 status unpacked openssl:amd64 3.0.20-1~deb12u2
2026-07-08 06:38:46 status half-configured openssl:amd64 3.0.20-1~deb12u2
2026-07-08 06:38:46 status installed openssl:amd64 3.0.20-1~deb12u2
2026-07-08 06:38:46 configure readline-common:all 8.2-1.3 <none>
2026-07-08 06:38:46 status unpacked readline-common:all 8.2-1.3
2026-07-08 06:38:46 status half-configured readline-common:all 8.2-1.3
2026-07-08 06:38:46 status installed readline-common:all 8.2-1.3
2026-07-08 06:38:46 configure publicsuffix:all 20230209.2326-1 <none>
2026-07-08 06:38:46 status unpacked publicsuffix:all 20230209.2326-1
2026-07-08 06:38:46 status half-configured publicsuffix:all 20230209.2326-1
2026-07-08 06:38:46 status installed publicsuffix:all 20230209.2326-1
2026-07-08 06:38:46 configure pinentry-curses:amd64 1.2.1-1 <none>
2026-07-08 06:38:46 status unpacked pinentry-curses:amd64 1.2.1-1
2026-07-08 06:38:46 status half-configured pinentry-curses:amd64 1.2.1-1
2026-07-08 06:38:46 status installed pinentry-curses:amd64 1.2.1-1
2026-07-08 06:38:46 configure libreadline8:amd64 8.2-1.3 <none>
2026-07-08 06:38:46 status unpacked libreadline8:amd64 8.2-1.3
2026-07-08 06:38:46 status half-configured libreadline8:amd64 8.2-1.3
2026-07-08 06:38:46 status installed libreadline8:amd64 8.2-1.3
2026-07-08 06:38:46 configure libsasl2-modules:amd64 2.1.28+dfsg-10 <none>
2026-07-08 06:38:46 status unpacked libsasl2-modules:amd64 2.1.28+dfsg-10
2026-07-08 06:38:46 status half-configured libsasl2-modules:amd64 2.1.28+dfsg-10
2026-07-08 06:38:46 status installed libsasl2-modules:amd64 2.1.28+dfsg-10
2026-07-08 06:38:46 configure libldap-2.5-0:amd64 2.5.13+dfsg-5 <none>
2026-07-08 06:38:46 status unpacked libldap-2.5-0:amd64 2.5.13+dfsg-5
2026-07-08 06:38:46 status half-configured libldap-2.5-0:amd64 2.5.13+dfsg-5
2026-07-08 06:38:46 status installed libldap-2.5-0:amd64 2.5.13+dfsg-5
2026-07-08 06:38:46 configure ca-certificates:all 20230311+deb12u1 <none>
2026-07-08 06:38:46 status unpacked ca-certificates:all 20230311+deb12u1
2026-07-08 06:38:46 status half-configured ca-certificates:all 20230311+deb12u1
2026-07-08 06:38:48 status installed ca-certificates:all 20230311+deb12u1
2026-07-08 06:38:48 status triggers-pending ca-certificates:all 20230311+deb12u1
2026-07-08 06:38:48 configure gpgconf:amd64 2.2.40-1.1+deb12u2 <none>
2026-07-08 06:38:48 status unpacked gpgconf:amd64 2.2.40-1.1+deb12u2
2026-07-08 06:38:48 status half-configured gpgconf:amd64 2.2.40-1.1+deb12u2
2026-07-08 06:38:48 status installed gpgconf:amd64 2.2.40-1.1+deb12u2
2026-07-08 06:38:48 configure gpg:amd64 2.2.40-1.1+deb12u2 <none>
2026-07-08 06:38:48 status unpacked gpg:amd64 2.2.40-1.1+deb12u2
2026-07-08 06:38:48 status half-configured gpg:amd64 2.2.40-1.1+deb12u2
2026-07-08 06:38:48 status installed gpg:amd64 2.2.40-1.1+deb12u2
2026-07-08 06:38:48 configure gnupg-utils:amd64 2.2.40-1.1+deb12u2 <none>
2026-07-08 06:38:48 status unpacked gnupg-utils:amd64 2.2.40-1.1+deb12u2
2026-07-08 06:38:48 status half-configured gnupg-utils:amd64 2.2.40-1.1+deb12u2
2026-07-08 06:38:48 status installed gnupg-utils:amd64 2.2.40-1.1+deb12u2
2026-07-08 06:38:48 configure gpg-agent:amd64 2.2.40-1.1+deb12u2 <none>
2026-07-08 06:38:48 status unpacked gpg-agent:amd64 2.2.40-1.1+deb12u2
2026-07-08 06:38:48 status half-configured gpg-agent:amd64 2.2.40-1.1+deb12u2
2026-07-08 06:38:49 status installed gpg-agent:amd64 2.2.40-1.1+deb12u2
2026-07-08 06:38:49 configure gpgsm:amd64 2.2.40-1.1+deb12u2 <none>
2026-07-08 06:38:49 status unpacked gpgsm:amd64 2.2.40-1.1+deb12u2
2026-07-08 06:38:49 status half-configured gpgsm:amd64 2.2.40-1.1+deb12u2
2026-07-08 06:38:49 status installed gpgsm:amd64 2.2.40-1.1+deb12u2
2026-07-08 06:38:49 configure dirmngr:amd64 2.2.40-1.1+deb12u2 <none>
2026-07-08 06:38:49 status unpacked dirmngr:amd64 2.2.40-1.1+deb12u2
2026-07-08 06:38:49 status half-configured dirmngr:amd64 2.2.40-1.1+deb12u2
2026-07-08 06:38:49 status installed dirmngr:amd64 2.2.40-1.1+deb12u2
2026-07-08 06:38:49 configure gpg-wks-server:amd64 2.2.40-1.1+deb12u2 <none>
2026-07-08 06:38:49 status unpacked gpg-wks-server:amd64 2.2.40-1.1+deb12u2
2026-07-08 06:38:49 status half-configured gpg-wks-server:amd64 2.2.40-1.1+deb12u2
2026-07-08 06:38:49 status installed gpg-wks-server:amd64 2.2.40-1.1+deb12u2
2026-07-08 06:38:49 configure gpg-wks-client:amd64 2.2.40-1.1+deb12u2 <none>
2026-07-08 06:38:49 status unpacked gpg-wks-client:amd64 2.2.40-1.1+deb12u2
2026-07-08 06:38:49 status half-configured gpg-wks-client:amd64 2.2.40-1.1+deb12u2
2026-07-08 06:38:49 status installed gpg-wks-client:amd64 2.2.40-1.1+deb12u2
2026-07-08 06:38:49 configure gnupg:all 2.2.40-1.1+deb12u2 <none>
2026-07-08 06:38:49 status unpacked gnupg:all 2.2.40-1.1+deb12u2
2026-07-08 06:38:49 status half-configured gnupg:all 2.2.40-1.1+deb12u2
2026-07-08 06:38:49 status installed gnupg:all 2.2.40-1.1+deb12u2
2026-07-08 06:38:49 trigproc libc-bin:amd64 2.36-9+deb12u13 <none>
2026-07-08 06:38:49 status half-configured libc-bin:amd64 2.36-9+deb12u13
2026-07-08 06:38:49 status installed libc-bin:amd64 2.36-9+deb12u13
2026-07-08 06:38:49 trigproc ca-certificates:all 20230311+deb12u1 <none>
2026-07-08 06:38:49 status half-configured ca-certificates:all 20230311+deb12u1
2026-07-08 06:38:50 status installed ca-certificates:all 20230311+deb12u1
2026-07-08 06:38:54 startup archives unpack
2026-07-08 06:38:54 upgrade base-files:amd64 12.4+deb12u13 12.4+deb12u14
2026-07-08 06:38:54 status half-configured base-files:amd64 12.4+deb12u13
2026-07-08 06:38:54 status unpacked base-files:amd64 12.4+deb12u13
2026-07-08 06:38:54 status half-installed base-files:amd64 12.4+deb12u13
2026-07-08 06:38:54 status unpacked base-files:amd64 12.4+deb12u14
2026-07-08 06:38:54 startup packages configure
2026-07-08 06:38:54 configure base-files:amd64 12.4+deb12u14 <none>
2026-07-08 06:38:54 status unpacked base-files:amd64 12.4+deb12u14
2026-07-08 06:38:54 status half-configured base-files:amd64 12.4+deb12u14
2026-07-08 06:38:54 status installed base-files:amd64 12.4+deb12u14
2026-07-08 06:38:54 startup archives unpack
2026-07-08 06:38:54 upgrade bash:amd64 5.2.15-2+b10 5.2.15-2+b13
2026-07-08 06:38:54 status half-configured bash:amd64 5.2.15-2+b10
2026-07-08 06:38:54 status unpacked bash:amd64 5.2.15-2+b10
2026-07-08 06:38:54 status half-installed bash:amd64 5.2.15-2+b10
2026-07-08 06:38:54 status triggers-pending debianutils:amd64 5.7-0.5~deb12u1
2026-07-08 06:38:54 status unpacked bash:amd64 5.2.15-2+b13
2026-07-08 06:38:54 startup packages configure
2026-07-08 06:38:54 configure bash:amd64 5.2.15-2+b13 <none>
2026-07-08 06:38:54 status unpacked bash:amd64 5.2.15-2+b13
2026-07-08 06:38:54 status half-configured bash:amd64 5.2.15-2+b13
2026-07-08 06:38:54 status installed bash:amd64 5.2.15-2+b13
2026-07-08 06:38:54 startup archives unpack
2026-07-08 06:38:54 upgrade dpkg:amd64 1.21.22 1.21.23
2026-07-08 06:38:54 status half-configured dpkg:amd64 1.21.22
2026-07-08 06:38:54 status unpacked dpkg:amd64 1.21.22
2026-07-08 06:38:54 status half-installed dpkg:amd64 1.21.22
2026-07-08 06:38:55 status unpacked dpkg:amd64 1.21.23
2026-07-08 06:38:55 startup packages configure
2026-07-08 06:38:55 configure dpkg:amd64 1.21.23 <none>
2026-07-08 06:38:55 status unpacked dpkg:amd64 1.21.23
2026-07-08 06:38:55 status half-configured dpkg:amd64 1.21.23
2026-07-08 06:38:55 status installed dpkg:amd64 1.21.23
2026-07-08 06:38:55 startup archives unpack
2026-07-08 06:38:55 upgrade sed:amd64 4.9-1 4.9-1+deb12u1
2026-07-08 06:38:55 status half-configured sed:amd64 4.9-1
2026-07-08 06:38:55 status unpacked sed:amd64 4.9-1
2026-07-08 06:38:55 status half-installed sed:amd64 4.9-1
2026-07-08 06:38:55 status unpacked sed:amd64 4.9-1+deb12u1
2026-07-08 06:38:55 startup packages configure
2026-07-08 06:38:55 configure sed:amd64 4.9-1+deb12u1 <none>
2026-07-08 06:38:55 status unpacked sed:amd64 4.9-1+deb12u1
2026-07-08 06:38:55 status half-configured sed:amd64 4.9-1+deb12u1
2026-07-08 06:38:55 status installed sed:amd64 4.9-1+deb12u1
2026-07-08 06:38:55 startup archives unpack
2026-07-08 06:38:55 upgrade libc6:amd64 2.36-9+deb12u13 2.36-9+deb12u14
2026-07-08 06:38:55 status triggers-pending libc-bin:amd64 2.36-9+deb12u13
2026-07-08 06:38:55 status half-configured libc6:amd64 2.36-9+deb12u13
2026-07-08 06:38:55 status unpacked libc6:amd64 2.36-9+deb12u13
2026-07-08 06:38:55 status half-installed libc6:amd64 2.36-9+deb12u13
2026-07-08 06:38:56 status unpacked libc6:amd64 2.36-9+deb12u14
2026-07-08 06:38:56 startup packages configure
2026-07-08 06:38:56 configure libc6:amd64 2.36-9+deb12u14 <none>
2026-07-08 06:38:56 status unpacked libc6:amd64 2.36-9+deb12u14
2026-07-08 06:38:56 status half-configured libc6:amd64 2.36-9+deb12u14
2026-07-08 06:38:58 status installed libc6:amd64 2.36-9+deb12u14
2026-07-08 06:38:58 startup archives unpack
2026-07-08 06:38:58 upgrade libc-bin:amd64 2.36-9+deb12u13 2.36-9+deb12u14
2026-07-08 06:38:58 status half-configured libc-bin:amd64 2.36-9+deb12u13
2026-07-08 06:38:58 status unpacked libc-bin:amd64 2.36-9+deb12u13
2026-07-08 06:38:58 status half-installed libc-bin:amd64 2.36-9+deb12u13
2026-07-08 06:38:58 status unpacked libc-bin:amd64 2.36-9+deb12u14
2026-07-08 06:38:58 startup packages configure
2026-07-08 06:38:58 configure libc-bin:amd64 2.36-9+deb12u14 <none>
2026-07-08 06:38:58 status unpacked libc-bin:amd64 2.36-9+deb12u14
2026-07-08 06:38:58 status half-configured libc-bin:amd64 2.36-9+deb12u14
2026-07-08 06:38:58 status installed libc-bin:amd64 2.36-9+deb12u14
2026-07-08 06:38:58 startup archives unpack
2026-07-08 06:38:58 upgrade libcap2:amd64 1:2.66-4+deb12u2+b2 1:2.66-4+deb12u3+b1
2026-07-08 06:38:58 status triggers-pending libc-bin:amd64 2.36-9+deb12u14
2026-07-08 06:38:58 status half-configured libcap2:amd64 1:2.66-4+deb12u2+b2
2026-07-08 06:38:58 status unpacked libcap2:amd64 1:2.66-4+deb12u2+b2
2026-07-08 06:38:58 status half-installed libcap2:amd64 1:2.66-4+deb12u2+b2
2026-07-08 06:38:58 status unpacked libcap2:amd64 1:2.66-4+deb12u3+b1
2026-07-08 06:38:58 startup packages configure
2026-07-08 06:38:58 configure libcap2:amd64 1:2.66-4+deb12u3+b1 <none>
2026-07-08 06:38:58 status unpacked libcap2:amd64 1:2.66-4+deb12u3+b1
2026-07-08 06:38:58 status half-configured libcap2:amd64 1:2.66-4+deb12u3+b1
2026-07-08 06:38:58 status installed libcap2:amd64 1:2.66-4+deb12u3+b1
2026-07-08 06:38:58 startup archives unpack
2026-07-08 06:38:58 upgrade libgcrypt20:amd64 1.10.1-3 1.10.1-3+deb12u1
2026-07-08 06:38:58 status half-configured libgcrypt20:amd64 1.10.1-3
2026-07-08 06:38:58 status unpacked libgcrypt20:amd64 1.10.1-3
2026-07-08 06:38:58 status half-installed libgcrypt20:amd64 1.10.1-3
2026-07-08 06:38:58 status unpacked libgcrypt20:amd64 1.10.1-3+deb12u1
2026-07-08 06:38:58 startup packages configure
2026-07-08 06:38:58 configure libgcrypt20:amd64 1.10.1-3+deb12u1 <none>
2026-07-08 06:38:58 status unpacked libgcrypt20:amd64 1.10.1-3+deb12u1
2026-07-08 06:38:58 status half-configured libgcrypt20:amd64 1.10.1-3+deb12u1
2026-07-08 06:38:58 status installed libgcrypt20:amd64 1.10.1-3+deb12u1
2026-07-08 06:38:58 startup archives unpack
2026-07-08 06:38:58 upgrade libgnutls30:amd64 3.7.9-2+deb12u6 3.7.9-2+deb12u7
2026-07-08 06:38:58 status half-configured libgnutls30:amd64 3.7.9-2+deb12u6
2026-07-08 06:38:58 status unpacked libgnutls30:amd64 3.7.9-2+deb12u6
2026-07-08 06:38:58 status half-installed libgnutls30:amd64 3.7.9-2+deb12u6
2026-07-08 06:38:59 status unpacked libgnutls30:amd64 3.7.9-2+deb12u7
2026-07-08 06:38:59 startup packages configure
2026-07-08 06:38:59 configure libgnutls30:amd64 3.7.9-2+deb12u7 <none>
2026-07-08 06:38:59 status unpacked libgnutls30:amd64 3.7.9-2+deb12u7
2026-07-08 06:38:59 status half-configured libgnutls30:amd64 3.7.9-2+deb12u7
2026-07-08 06:38:59 status installed libgnutls30:amd64 3.7.9-2+deb12u7
2026-07-08 06:38:59 startup archives unpack
2026-07-08 06:38:59 upgrade libsystemd0:amd64 252.39-1~deb12u1 252.39-1~deb12u2
2026-07-08 06:38:59 status half-configured libsystemd0:amd64 252.39-1~deb12u1
2026-07-08 06:38:59 status unpacked libsystemd0:amd64 252.39-1~deb12u1
2026-07-08 06:38:59 status half-installed libsystemd0:amd64 252.39-1~deb12u1
2026-07-08 06:38:59 status unpacked libsystemd0:amd64 252.39-1~deb12u2
2026-07-08 06:38:59 startup packages configure
2026-07-08 06:38:59 configure libsystemd0:amd64 252.39-1~deb12u2 <none>
2026-07-08 06:38:59 status unpacked libsystemd0:amd64 252.39-1~deb12u2
2026-07-08 06:38:59 status half-configured libsystemd0:amd64 252.39-1~deb12u2
2026-07-08 06:38:59 status installed libsystemd0:amd64 252.39-1~deb12u2
2026-07-08 06:38:59 startup archives unpack
2026-07-08 06:38:59 upgrade libudev1:amd64 252.39-1~deb12u1 252.39-1~deb12u2
2026-07-08 06:38:59 status half-configured libudev1:amd64 252.39-1~deb12u1
2026-07-08 06:38:59 status unpacked libudev1:amd64 252.39-1~deb12u1
2026-07-08 06:38:59 status half-installed libudev1:amd64 252.39-1~deb12u1
2026-07-08 06:38:59 status unpacked libudev1:amd64 252.39-1~deb12u2
2026-07-08 06:38:59 startup packages configure
2026-07-08 06:38:59 configure libudev1:amd64 252.39-1~deb12u2 <none>
2026-07-08 06:38:59 status unpacked libudev1:amd64 252.39-1~deb12u2
2026-07-08 06:38:59 status half-configured libudev1:amd64 252.39-1~deb12u2
2026-07-08 06:38:59 status installed libudev1:amd64 252.39-1~deb12u2
2026-07-08 06:38:59 startup archives unpack
2026-07-08 06:38:59 upgrade tzdata:all 2025b-0+deb12u2 2026b-0+deb12u1
2026-07-08 06:38:59 status half-configured tzdata:all 2025b-0+deb12u2
2026-07-08 06:38:59 status unpacked tzdata:all 2025b-0+deb12u2
2026-07-08 06:38:59 status half-installed tzdata:all 2025b-0+deb12u2
2026-07-08 06:39:01 status unpacked tzdata:all 2026b-0+deb12u1
2026-07-08 06:39:01 startup packages configure
2026-07-08 06:39:01 configure tzdata:all 2026b-0+deb12u1 <none>
2026-07-08 06:39:01 status unpacked tzdata:all 2026b-0+deb12u1
2026-07-08 06:39:01 status half-configured tzdata:all 2026b-0+deb12u1
2026-07-08 06:39:01 status installed tzdata:all 2026b-0+deb12u1
2026-07-08 06:39:01 trigproc libc-bin:amd64 2.36-9+deb12u14 <none>
2026-07-08 06:39:01 status half-configured libc-bin:amd64 2.36-9+deb12u14
2026-07-08 06:39:01 status installed libc-bin:amd64 2.36-9+deb12u14
2026-07-08 06:39:01 trigproc debianutils:amd64 5.7-0.5~deb12u1 <none>
2026-07-08 06:39:01 status half-configured debianutils:amd64 5.7-0.5~deb12u1
2026-07-08 06:39:01 status installed debianutils:amd64 5.7-0.5~deb12u1
2026-07-08 06:39:03 startup archives unpack
2026-07-08 06:39:03 install cron-daemon-common:all <none> 3.0pl1-162
2026-07-08 06:39:03 status half-installed cron-daemon-common:all 3.0pl1-162
2026-07-08 06:39:03 status unpacked cron-daemon-common:all 3.0pl1-162
2026-07-08 06:39:03 install sensible-utils:all <none> 0.0.17+nmu1
2026-07-08 06:39:03 status half-installed sensible-utils:all 0.0.17+nmu1
2026-07-08 06:39:03 status unpacked sensible-utils:all 0.0.17+nmu1
2026-07-08 06:39:03 startup packages configure
2026-07-08 06:39:03 configure cron-daemon-common:all 3.0pl1-162 <none>
2026-07-08 06:39:03 status unpacked cron-daemon-common:all 3.0pl1-162
2026-07-08 06:39:03 status half-configured cron-daemon-common:all 3.0pl1-162
2026-07-08 06:39:03 status installed cron-daemon-common:all 3.0pl1-162
2026-07-08 06:39:04 startup archives unpack
2026-07-08 06:39:04 install cron:amd64 <none> 3.0pl1-162
2026-07-08 06:39:04 status half-installed cron:amd64 3.0pl1-162
2026-07-08 06:39:04 status unpacked cron:amd64 3.0pl1-162
2026-07-08 06:39:04 install libpopt0:amd64 <none> 1.19+dfsg-1
2026-07-08 06:39:04 status triggers-pending libc-bin:amd64 2.36-9+deb12u14
2026-07-08 06:39:04 status half-installed libpopt0:amd64 1.19+dfsg-1
2026-07-08 06:39:04 status unpacked libpopt0:amd64 1.19+dfsg-1
2026-07-08 06:39:04 install logrotate:amd64 <none> 3.21.0-1
2026-07-08 06:39:04 status half-installed logrotate:amd64 3.21.0-1
2026-07-08 06:39:04 status unpacked logrotate:amd64 3.21.0-1
2026-07-08 06:39:04 install nano:amd64 <none> 7.2-1+deb12u1
2026-07-08 06:39:04 status half-installed nano:amd64 7.2-1+deb12u1
2026-07-08 06:39:04 status unpacked nano:amd64 7.2-1+deb12u1
2026-07-08 06:39:04 install libc-l10n:all <none> 2.36-9+deb12u14
2026-07-08 06:39:04 status half-installed libc-l10n:all 2.36-9+deb12u14
2026-07-08 06:39:04 status unpacked libc-l10n:all 2.36-9+deb12u14
2026-07-08 06:39:04 install locales:all <none> 2.36-9+deb12u14
2026-07-08 06:39:04 status half-installed locales:all 2.36-9+deb12u14
2026-07-08 06:39:05 status unpacked locales:all 2.36-9+deb12u14
2026-07-08 06:39:05 install libicu72:amd64 <none> 72.1-3+deb12u1
2026-07-08 06:39:05 status half-installed libicu72:amd64 72.1-3+deb12u1
2026-07-08 06:39:06 status unpacked libicu72:amd64 72.1-3+deb12u1
2026-07-08 06:39:06 install libxml2:amd64 <none> 2.9.14+dfsg-1.3~deb12u5
2026-07-08 06:39:06 status half-installed libxml2:amd64 2.9.14+dfsg-1.3~deb12u5
2026-07-08 06:39:06 status unpacked libxml2:amd64 2.9.14+dfsg-1.3~deb12u5
2026-07-08 06:39:06 install libarchive13:amd64 <none> 3.6.2-1+deb12u4
2026-07-08 06:39:06 status half-installed libarchive13:amd64 3.6.2-1+deb12u4
2026-07-08 06:39:06 status unpacked libarchive13:amd64 3.6.2-1+deb12u4
2026-07-08 06:39:06 install libarchive-tools:amd64 <none> 3.6.2-1+deb12u4
2026-07-08 06:39:06 status half-installed libarchive-tools:amd64 3.6.2-1+deb12u4
2026-07-08 06:39:06 status unpacked libarchive-tools:amd64 3.6.2-1+deb12u4
2026-07-08 06:39:06 install libestr0:amd64 <none> 0.1.11-1
2026-07-08 06:39:06 status half-installed libestr0:amd64 0.1.11-1
2026-07-08 06:39:06 status unpacked libestr0:amd64 0.1.11-1
2026-07-08 06:39:06 install libfastjson4:amd64 <none> 1.2304.0-1
2026-07-08 06:39:06 status half-installed libfastjson4:amd64 1.2304.0-1
2026-07-08 06:39:06 status unpacked libfastjson4:amd64 1.2304.0-1
2026-07-08 06:39:06 install liblognorm5:amd64 <none> 2.0.6-4
2026-07-08 06:39:06 status half-installed liblognorm5:amd64 2.0.6-4
2026-07-08 06:39:06 status unpacked liblognorm5:amd64 2.0.6-4
2026-07-08 06:39:06 install patch:amd64 <none> 2.7.6-7
2026-07-08 06:39:06 status half-installed patch:amd64 2.7.6-7
2026-07-08 06:39:06 status unpacked patch:amd64 2.7.6-7
2026-07-08 06:39:06 install rsyslog:amd64 <none> 8.2302.0-1+deb12u1
2026-07-08 06:39:06 status half-installed rsyslog:amd64 8.2302.0-1+deb12u1
2026-07-08 06:39:06 status unpacked rsyslog:amd64 8.2302.0-1+deb12u1
2026-07-08 06:39:06 startup packages configure
2026-07-08 06:39:06 configure libc-l10n:all 2.36-9+deb12u14 <none>
2026-07-08 06:39:06 status unpacked libc-l10n:all 2.36-9+deb12u14
2026-07-08 06:39:06 status half-configured libc-l10n:all 2.36-9+deb12u14
2026-07-08 06:39:06 status installed libc-l10n:all 2.36-9+deb12u14
2026-07-08 06:39:06 configure libicu72:amd64 72.1-3+deb12u1 <none>
2026-07-08 06:39:06 status unpacked libicu72:amd64 72.1-3+deb12u1
2026-07-08 06:39:06 status half-configured libicu72:amd64 72.1-3+deb12u1
2026-07-08 06:39:06 status installed libicu72:amd64 72.1-3+deb12u1
2026-07-08 06:39:06 configure libestr0:amd64 0.1.11-1 <none>
2026-07-08 06:39:06 status unpacked libestr0:amd64 0.1.11-1
2026-07-08 06:39:06 status half-configured libestr0:amd64 0.1.11-1
2026-07-08 06:39:06 status installed libestr0:amd64 0.1.11-1
2026-07-08 06:39:06 configure libfastjson4:amd64 1.2304.0-1 <none>
2026-07-08 06:39:06 status unpacked libfastjson4:amd64 1.2304.0-1
2026-07-08 06:39:06 status half-configured libfastjson4:amd64 1.2304.0-1
2026-07-08 06:39:06 status installed libfastjson4:amd64 1.2304.0-1
2026-07-08 06:39:06 configure locales:all 2.36-9+deb12u14 <none>
2026-07-08 06:39:06 status unpacked locales:all 2.36-9+deb12u14
2026-07-08 06:39:06 status half-configured locales:all 2.36-9+deb12u14
2026-07-08 06:39:07 status installed locales:all 2.36-9+deb12u14
2026-07-08 06:39:07 configure patch:amd64 2.7.6-7 <none>
2026-07-08 06:39:07 status unpacked patch:amd64 2.7.6-7
2026-07-08 06:39:07 status half-configured patch:amd64 2.7.6-7
2026-07-08 06:39:07 status installed patch:amd64 2.7.6-7
2026-07-08 06:39:07 configure liblognorm5:amd64 2.0.6-4 <none>
2026-07-08 06:39:07 status unpacked liblognorm5:amd64 2.0.6-4
2026-07-08 06:39:07 status half-configured liblognorm5:amd64 2.0.6-4
2026-07-08 06:39:07 status installed liblognorm5:amd64 2.0.6-4
2026-07-08 06:39:07 configure nano:amd64 7.2-1+deb12u1 <none>
2026-07-08 06:39:07 status unpacked nano:amd64 7.2-1+deb12u1
2026-07-08 06:39:07 status half-configured nano:amd64 7.2-1+deb12u1
2026-07-08 06:39:07 status installed nano:amd64 7.2-1+deb12u1
2026-07-08 06:39:07 configure sensible-utils:all 0.0.17+nmu1 <none>
2026-07-08 06:39:07 status unpacked sensible-utils:all 0.0.17+nmu1
2026-07-08 06:39:07 status half-configured sensible-utils:all 0.0.17+nmu1
2026-07-08 06:39:07 status installed sensible-utils:all 0.0.17+nmu1
2026-07-08 06:39:07 configure libxml2:amd64 2.9.14+dfsg-1.3~deb12u5 <none>
2026-07-08 06:39:07 status unpacked libxml2:amd64 2.9.14+dfsg-1.3~deb12u5
2026-07-08 06:39:07 status half-configured libxml2:amd64 2.9.14+dfsg-1.3~deb12u5
2026-07-08 06:39:07 status installed libxml2:amd64 2.9.14+dfsg-1.3~deb12u5
2026-07-08 06:39:07 configure libpopt0:amd64 1.19+dfsg-1 <none>
2026-07-08 06:39:07 status unpacked libpopt0:amd64 1.19+dfsg-1
2026-07-08 06:39:07 status half-configured libpopt0:amd64 1.19+dfsg-1
2026-07-08 06:39:07 status installed libpopt0:amd64 1.19+dfsg-1
2026-07-08 06:39:07 configure libarchive13:amd64 3.6.2-1+deb12u4 <none>
2026-07-08 06:39:07 status unpacked libarchive13:amd64 3.6.2-1+deb12u4
2026-07-08 06:39:07 status half-configured libarchive13:amd64 3.6.2-1+deb12u4
2026-07-08 06:39:07 status installed libarchive13:amd64 3.6.2-1+deb12u4
2026-07-08 06:39:07 configure cron:amd64 3.0pl1-162 <none>
2026-07-08 06:39:07 status unpacked cron:amd64 3.0pl1-162
2026-07-08 06:39:07 status half-configured cron:amd64 3.0pl1-162
2026-07-08 06:39:08 status installed cron:amd64 3.0pl1-162
2026-07-08 06:39:08 configure rsyslog:amd64 8.2302.0-1+deb12u1 <none>
2026-07-08 06:39:08 status unpacked rsyslog:amd64 8.2302.0-1+deb12u1
2026-07-08 06:39:08 status half-configured rsyslog:amd64 8.2302.0-1+deb12u1
2026-07-08 06:39:08 status installed rsyslog:amd64 8.2302.0-1+deb12u1
2026-07-08 06:39:08 configure logrotate:amd64 3.21.0-1 <none>
2026-07-08 06:39:08 status unpacked logrotate:amd64 3.21.0-1
2026-07-08 06:39:08 status half-configured logrotate:amd64 3.21.0-1
2026-07-08 06:39:08 status installed logrotate:amd64 3.21.0-1
2026-07-08 06:39:08 configure libarchive-tools:amd64 3.6.2-1+deb12u4 <none>
2026-07-08 06:39:08 status unpacked libarchive-tools:amd64 3.6.2-1+deb12u4
2026-07-08 06:39:08 status half-configured libarchive-tools:amd64 3.6.2-1+deb12u4
2026-07-08 06:39:08 status installed libarchive-tools:amd64 3.6.2-1+deb12u4
2026-07-08 06:39:08 trigproc libc-bin:amd64 2.36-9+deb12u14 <none>
2026-07-08 06:39:08 status half-configured libc-bin:amd64 2.36-9+deb12u14
2026-07-08 06:39:08 status installed libc-bin:amd64 2.36-9+deb12u14
2026-07-08 06:39:10 startup archives unpack
2026-07-08 06:39:10 install libglib2.0-0:amd64 <none> 2.74.6-2+deb12u9
2026-07-08 06:39:10 status triggers-pending libc-bin:amd64 2.36-9+deb12u14
2026-07-08 06:39:10 status half-installed libglib2.0-0:amd64 2.74.6-2+deb12u9
2026-07-08 06:39:10 status unpacked libglib2.0-0:amd64 2.74.6-2+deb12u9
2026-07-08 06:39:10 install libsecret-common:all <none> 0.20.5-3
2026-07-08 06:39:10 status half-installed libsecret-common:all 0.20.5-3
2026-07-08 06:39:10 status unpacked libsecret-common:all 0.20.5-3
2026-07-08 06:39:10 install libsecret-1-0:amd64 <none> 0.20.5-3
2026-07-08 06:39:10 status half-installed libsecret-1-0:amd64 0.20.5-3
2026-07-08 06:39:10 status unpacked libsecret-1-0:amd64 0.20.5-3
2026-07-08 06:39:10 install libgssglue1:amd64 <none> 0.7-1.1
2026-07-08 06:39:10 status half-installed libgssglue1:amd64 0.7-1.1
2026-07-08 06:39:10 status unpacked libgssglue1:amd64 0.7-1.1
2026-07-08 06:39:10 install libidn12:amd64 <none> 1.41-1
2026-07-08 06:39:10 status half-installed libidn12:amd64 1.41-1
2026-07-08 06:39:10 status unpacked libidn12:amd64 1.41-1
2026-07-08 06:39:10 install libntlm0:amd64 <none> 1.6-4
2026-07-08 06:39:10 status half-installed libntlm0:amd64 1.6-4
2026-07-08 06:39:10 status unpacked libntlm0:amd64 1.6-4
2026-07-08 06:39:10 install libgsasl18:amd64 <none> 2.2.0-1+deb12u1
2026-07-08 06:39:10 status half-installed libgsasl18:amd64 2.2.0-1+deb12u1
2026-07-08 06:39:10 status unpacked libgsasl18:amd64 2.2.0-1+deb12u1
2026-07-08 06:39:10 install ucf:all <none> 3.0043+nmu1+deb12u1
2026-07-08 06:39:10 status half-installed ucf:all 3.0043+nmu1+deb12u1
2026-07-08 06:39:10 status unpacked ucf:all 3.0043+nmu1+deb12u1
2026-07-08 06:39:10 install msmtp:amd64 <none> 1.8.23-1
2026-07-08 06:39:10 status half-installed msmtp:amd64 1.8.23-1
2026-07-08 06:39:10 status unpacked msmtp:amd64 1.8.23-1
2026-07-08 06:39:10 install msmtp-mta:amd64 <none> 1.8.23-1
2026-07-08 06:39:10 status half-installed msmtp-mta:amd64 1.8.23-1
2026-07-08 06:39:10 status unpacked msmtp-mta:amd64 1.8.23-1
2026-07-08 06:39:10 install libapparmor1:amd64 <none> 3.0.8-3
2026-07-08 06:39:10 status half-installed libapparmor1:amd64 3.0.8-3
2026-07-08 06:39:10 status unpacked libapparmor1:amd64 3.0.8-3
2026-07-08 06:39:10 install libcdb1:amd64 <none> 0.78+b1
2026-07-08 06:39:10 status half-installed libcdb1:amd64 0.78+b1
2026-07-08 06:39:10 status unpacked libcdb1:amd64 0.78+b1
2026-07-08 06:39:11 install libexpat1:amd64 <none> 2.5.0-1+deb12u2
2026-07-08 06:39:11 status half-installed libexpat1:amd64 2.5.0-1+deb12u2
2026-07-08 06:39:11 status unpacked libexpat1:amd64 2.5.0-1+deb12u2
2026-07-08 06:39:11 install libkrb5support0:amd64 <none> 1.20.1-2+deb12u5
2026-07-08 06:39:11 status half-installed libkrb5support0:amd64 1.20.1-2+deb12u5
2026-07-08 06:39:11 status unpacked libkrb5support0:amd64 1.20.1-2+deb12u5
2026-07-08 06:39:11 install libk5crypto3:amd64 <none> 1.20.1-2+deb12u5
2026-07-08 06:39:11 status half-installed libk5crypto3:amd64 1.20.1-2+deb12u5
2026-07-08 06:39:11 status unpacked libk5crypto3:amd64 1.20.1-2+deb12u5
2026-07-08 06:39:11 install libkeyutils1:amd64 <none> 1.6.3-2
2026-07-08 06:39:11 status half-installed libkeyutils1:amd64 1.6.3-2
2026-07-08 06:39:11 status unpacked libkeyutils1:amd64 1.6.3-2
2026-07-08 06:39:11 install libkrb5-3:amd64 <none> 1.20.1-2+deb12u5
2026-07-08 06:39:11 status half-installed libkrb5-3:amd64 1.20.1-2+deb12u5
2026-07-08 06:39:11 status unpacked libkrb5-3:amd64 1.20.1-2+deb12u5
2026-07-08 06:39:11 install libgssapi-krb5-2:amd64 <none> 1.20.1-2+deb12u5
2026-07-08 06:39:11 status half-installed libgssapi-krb5-2:amd64 1.20.1-2+deb12u5
2026-07-08 06:39:11 status unpacked libgssapi-krb5-2:amd64 1.20.1-2+deb12u5
2026-07-08 06:39:11 install libpcre2-32-0:amd64 <none> 10.42-1
2026-07-08 06:39:11 status half-installed libpcre2-32-0:amd64 10.42-1
2026-07-08 06:39:11 status unpacked libpcre2-32-0:amd64 10.42-1
2026-07-08 06:39:11 install libsodium23:amd64 <none> 1.0.18-1+deb12u1
2026-07-08 06:39:11 status half-installed libsodium23:amd64 1.0.18-1+deb12u1
2026-07-08 06:39:11 status unpacked libsodium23:amd64 1.0.18-1+deb12u1
2026-07-08 06:39:11 install libstemmer0d:amd64 <none> 2.2.0-2
2026-07-08 06:39:11 status half-installed libstemmer0d:amd64 2.2.0-2
2026-07-08 06:39:11 status unpacked libstemmer0d:amd64 2.2.0-2
2026-07-08 06:39:11 install libtirpc-common:all <none> 1.3.3+ds-1
2026-07-08 06:39:11 status half-installed libtirpc-common:all 1.3.3+ds-1
2026-07-08 06:39:11 status unpacked libtirpc-common:all 1.3.3+ds-1
2026-07-08 06:39:11 install libtirpc3:amd64 <none> 1.3.3+ds-1
2026-07-08 06:39:11 status half-installed libtirpc3:amd64 1.3.3+ds-1
2026-07-08 06:39:11 status unpacked libtirpc3:amd64 1.3.3+ds-1
2026-07-08 06:39:11 install libunwind8:amd64 <none> 1.6.2-3
2026-07-08 06:39:11 status half-installed libunwind8:amd64 1.6.2-3
2026-07-08 06:39:11 status unpacked libunwind8:amd64 1.6.2-3
2026-07-08 06:39:11 install dovecot-core:amd64 <none> 2:2.4.4-5+debian12
2026-07-08 06:39:11 status half-installed dovecot-core:amd64 2:2.4.4-5+debian12
2026-07-08 06:39:12 status unpacked dovecot-core:amd64 2:2.4.4-5+debian12
2026-07-08 06:39:12 install dovecot-imapd:amd64 <none> 2:2.4.4-5+debian12
2026-07-08 06:39:12 status half-installed dovecot-imapd:amd64 2:2.4.4-5+debian12
2026-07-08 06:39:12 status unpacked dovecot-imapd:amd64 2:2.4.4-5+debian12
2026-07-08 06:39:12 install dovecot-ldap:amd64 <none> 2:2.4.4-5+debian12
2026-07-08 06:39:12 status half-installed dovecot-ldap:amd64 2:2.4.4-5+debian12
2026-07-08 06:39:12 status unpacked dovecot-ldap:amd64 2:2.4.4-5+debian12
2026-07-08 06:39:12 install dovecot-lmtpd:amd64 <none> 2:2.4.4-5+debian12
2026-07-08 06:39:12 status half-installed dovecot-lmtpd:amd64 2:2.4.4-5+debian12
2026-07-08 06:39:12 status unpacked dovecot-lmtpd:amd64 2:2.4.4-5+debian12
2026-07-08 06:39:12 install dovecot-sieve:amd64 <none> 2:2.4.4-5+debian12
2026-07-08 06:39:12 status half-installed dovecot-sieve:amd64 2:2.4.4-5+debian12
2026-07-08 06:39:12 status unpacked dovecot-sieve:amd64 2:2.4.4-5+debian12
2026-07-08 06:39:12 install dovecot-managesieved:amd64 <none> 2:2.4.4-5+debian12
2026-07-08 06:39:12 status half-installed dovecot-managesieved:amd64 2:2.4.4-5+debian12
2026-07-08 06:39:12 status unpacked dovecot-managesieved:amd64 2:2.4.4-5+debian12
2026-07-08 06:39:12 install dovecot-pop3d:amd64 <none> 2:2.4.4-5+debian12
2026-07-08 06:39:12 status half-installed dovecot-pop3d:amd64 2:2.4.4-5+debian12
2026-07-08 06:39:12 status unpacked dovecot-pop3d:amd64 2:2.4.4-5+debian12
2026-07-08 06:39:12 install dovecot-solr:amd64 <none> 2:2.4.4-5+debian12
2026-07-08 06:39:12 status half-installed dovecot-solr:amd64 2:2.4.4-5+debian12
2026-07-08 06:39:12 status unpacked dovecot-solr:amd64 2:2.4.4-5+debian12
2026-07-08 06:39:12 install dovecot-sqlite:amd64 <none> 2:2.4.4-5+debian12
2026-07-08 06:39:12 status half-installed dovecot-sqlite:amd64 2:2.4.4-5+debian12
2026-07-08 06:39:12 status unpacked dovecot-sqlite:amd64 2:2.4.4-5+debian12
2026-07-08 06:39:12 startup packages configure
2026-07-08 06:39:12 configure libexpat1:amd64 2.5.0-1+deb12u2 <none>
2026-07-08 06:39:12 status unpacked libexpat1:amd64 2.5.0-1+deb12u2
2026-07-08 06:39:12 status half-configured libexpat1:amd64 2.5.0-1+deb12u2
2026-07-08 06:39:12 status installed libexpat1:amd64 2.5.0-1+deb12u2
2026-07-08 06:39:12 configure libkeyutils1:amd64 1.6.3-2 <none>
2026-07-08 06:39:12 status unpacked libkeyutils1:amd64 1.6.3-2
2026-07-08 06:39:12 status half-configured libkeyutils1:amd64 1.6.3-2
2026-07-08 06:39:12 status installed libkeyutils1:amd64 1.6.3-2
2026-07-08 06:39:12 configure libapparmor1:amd64 3.0.8-3 <none>
2026-07-08 06:39:12 status unpacked libapparmor1:amd64 3.0.8-3
2026-07-08 06:39:12 status half-configured libapparmor1:amd64 3.0.8-3
2026-07-08 06:39:12 status installed libapparmor1:amd64 3.0.8-3
2026-07-08 06:39:12 configure libsodium23:amd64 1.0.18-1+deb12u1 <none>
2026-07-08 06:39:12 status unpacked libsodium23:amd64 1.0.18-1+deb12u1
2026-07-08 06:39:12 status half-configured libsodium23:amd64 1.0.18-1+deb12u1
2026-07-08 06:39:12 status installed libsodium23:amd64 1.0.18-1+deb12u1
2026-07-08 06:39:12 configure libcdb1:amd64 0.78+b1 <none>
2026-07-08 06:39:12 status unpacked libcdb1:amd64 0.78+b1
2026-07-08 06:39:12 status half-configured libcdb1:amd64 0.78+b1
2026-07-08 06:39:12 status installed libcdb1:amd64 0.78+b1
2026-07-08 06:39:12 configure libglib2.0-0:amd64 2.74.6-2+deb12u9 <none>
2026-07-08 06:39:12 status unpacked libglib2.0-0:amd64 2.74.6-2+deb12u9
2026-07-08 06:39:12 status half-configured libglib2.0-0:amd64 2.74.6-2+deb12u9
2026-07-08 06:39:12 status installed libglib2.0-0:amd64 2.74.6-2+deb12u9
2026-07-08 06:39:12 configure libtirpc-common:all 1.3.3+ds-1 <none>
2026-07-08 06:39:12 status unpacked libtirpc-common:all 1.3.3+ds-1
2026-07-08 06:39:12 status half-configured libtirpc-common:all 1.3.3+ds-1
2026-07-08 06:39:12 status installed libtirpc-common:all 1.3.3+ds-1
2026-07-08 06:39:12 configure libunwind8:amd64 1.6.2-3 <none>
2026-07-08 06:39:12 status unpacked libunwind8:amd64 1.6.2-3
2026-07-08 06:39:12 status half-configured libunwind8:amd64 1.6.2-3
2026-07-08 06:39:12 status installed libunwind8:amd64 1.6.2-3
2026-07-08 06:39:12 configure libkrb5support0:amd64 1.20.1-2+deb12u5 <none>
2026-07-08 06:39:12 status unpacked libkrb5support0:amd64 1.20.1-2+deb12u5
2026-07-08 06:39:12 status half-configured libkrb5support0:amd64 1.20.1-2+deb12u5
2026-07-08 06:39:12 status installed libkrb5support0:amd64 1.20.1-2+deb12u5
2026-07-08 06:39:12 configure libpcre2-32-0:amd64 10.42-1 <none>
2026-07-08 06:39:12 status unpacked libpcre2-32-0:amd64 10.42-1
2026-07-08 06:39:12 status half-configured libpcre2-32-0:amd64 10.42-1
2026-07-08 06:39:12 status installed libpcre2-32-0:amd64 10.42-1
2026-07-08 06:39:12 configure libntlm0:amd64 1.6-4 <none>
2026-07-08 06:39:12 status unpacked libntlm0:amd64 1.6-4
2026-07-08 06:39:12 status half-configured libntlm0:amd64 1.6-4
2026-07-08 06:39:12 status installed libntlm0:amd64 1.6-4
2026-07-08 06:39:12 configure libidn12:amd64 1.41-1 <none>
2026-07-08 06:39:12 status unpacked libidn12:amd64 1.41-1
2026-07-08 06:39:12 status half-configured libidn12:amd64 1.41-1
2026-07-08 06:39:12 status installed libidn12:amd64 1.41-1
2026-07-08 06:39:12 configure libgssglue1:amd64 0.7-1.1 <none>
2026-07-08 06:39:12 status unpacked libgssglue1:amd64 0.7-1.1
2026-07-08 06:39:12 status half-configured libgssglue1:amd64 0.7-1.1
2026-07-08 06:39:12 status installed libgssglue1:amd64 0.7-1.1
2026-07-08 06:39:12 configure ucf:all 3.0043+nmu1+deb12u1 <none>
2026-07-08 06:39:12 status unpacked ucf:all 3.0043+nmu1+deb12u1
2026-07-08 06:39:12 status half-configured ucf:all 3.0043+nmu1+deb12u1
2026-07-08 06:39:13 status installed ucf:all 3.0043+nmu1+deb12u1
2026-07-08 06:39:13 configure libk5crypto3:amd64 1.20.1-2+deb12u5 <none>
2026-07-08 06:39:13 status unpacked libk5crypto3:amd64 1.20.1-2+deb12u5
2026-07-08 06:39:13 status half-configured libk5crypto3:amd64 1.20.1-2+deb12u5
2026-07-08 06:39:13 status installed libk5crypto3:amd64 1.20.1-2+deb12u5
2026-07-08 06:39:13 configure libgsasl18:amd64 2.2.0-1+deb12u1 <none>
2026-07-08 06:39:13 status unpacked libgsasl18:amd64 2.2.0-1+deb12u1
2026-07-08 06:39:13 status half-configured libgsasl18:amd64 2.2.0-1+deb12u1
2026-07-08 06:39:13 status installed libgsasl18:amd64 2.2.0-1+deb12u1
2026-07-08 06:39:13 configure libkrb5-3:amd64 1.20.1-2+deb12u5 <none>
2026-07-08 06:39:13 status unpacked libkrb5-3:amd64 1.20.1-2+deb12u5
2026-07-08 06:39:13 status half-configured libkrb5-3:amd64 1.20.1-2+deb12u5
2026-07-08 06:39:13 status installed libkrb5-3:amd64 1.20.1-2+deb12u5
2026-07-08 06:39:13 configure libstemmer0d:amd64 2.2.0-2 <none>
2026-07-08 06:39:13 status unpacked libstemmer0d:amd64 2.2.0-2
2026-07-08 06:39:13 status half-configured libstemmer0d:amd64 2.2.0-2
2026-07-08 06:39:13 status installed libstemmer0d:amd64 2.2.0-2
2026-07-08 06:39:13 configure libsecret-common:all 0.20.5-3 <none>
2026-07-08 06:39:13 status unpacked libsecret-common:all 0.20.5-3
2026-07-08 06:39:13 status half-configured libsecret-common:all 0.20.5-3
2026-07-08 06:39:13 status installed libsecret-common:all 0.20.5-3
2026-07-08 06:39:13 configure libsecret-1-0:amd64 0.20.5-3 <none>
2026-07-08 06:39:13 status unpacked libsecret-1-0:amd64 0.20.5-3
2026-07-08 06:39:13 status half-configured libsecret-1-0:amd64 0.20.5-3
2026-07-08 06:39:13 status installed libsecret-1-0:amd64 0.20.5-3
2026-07-08 06:39:13 configure libgssapi-krb5-2:amd64 1.20.1-2+deb12u5 <none>
2026-07-08 06:39:13 status unpacked libgssapi-krb5-2:amd64 1.20.1-2+deb12u5
2026-07-08 06:39:13 status half-configured libgssapi-krb5-2:amd64 1.20.1-2+deb12u5
2026-07-08 06:39:13 status installed libgssapi-krb5-2:amd64 1.20.1-2+deb12u5
2026-07-08 06:39:13 configure libtirpc3:amd64 1.3.3+ds-1 <none>
2026-07-08 06:39:13 status unpacked libtirpc3:amd64 1.3.3+ds-1
2026-07-08 06:39:13 status half-configured libtirpc3:amd64 1.3.3+ds-1
2026-07-08 06:39:13 status installed libtirpc3:amd64 1.3.3+ds-1
2026-07-08 06:39:13 configure msmtp:amd64 1.8.23-1 <none>
2026-07-08 06:39:13 status unpacked msmtp:amd64 1.8.23-1
2026-07-08 06:39:13 status half-configured msmtp:amd64 1.8.23-1
2026-07-08 06:39:13 status installed msmtp:amd64 1.8.23-1
2026-07-08 06:39:13 configure msmtp-mta:amd64 1.8.23-1 <none>
2026-07-08 06:39:13 status unpacked msmtp-mta:amd64 1.8.23-1
2026-07-08 06:39:13 status half-configured msmtp-mta:amd64 1.8.23-1
2026-07-08 06:39:13 status installed msmtp-mta:amd64 1.8.23-1
2026-07-08 06:39:13 configure dovecot-core:amd64 2:2.4.4-5+debian12 <none>
2026-07-08 06:39:13 status unpacked dovecot-core:amd64 2:2.4.4-5+debian12
2026-07-08 06:39:13 status half-configured dovecot-core:amd64 2:2.4.4-5+debian12
2026-07-08 06:39:15 status installed dovecot-core:amd64 2:2.4.4-5+debian12
2026-07-08 06:39:15 configure dovecot-imapd:amd64 2:2.4.4-5+debian12 <none>
2026-07-08 06:39:15 status triggers-pending dovecot-core:amd64 2:2.4.4-5+debian12
2026-07-08 06:39:15 status unpacked dovecot-imapd:amd64 2:2.4.4-5+debian12
2026-07-08 06:39:15 status half-configured dovecot-imapd:amd64 2:2.4.4-5+debian12
2026-07-08 06:39:15 status triggers-awaited dovecot-imapd:amd64 2:2.4.4-5+debian12
2026-07-08 06:39:15 configure dovecot-pop3d:amd64 2:2.4.4-5+debian12 <none>
2026-07-08 06:39:15 status unpacked dovecot-pop3d:amd64 2:2.4.4-5+debian12
2026-07-08 06:39:15 status half-configured dovecot-pop3d:amd64 2:2.4.4-5+debian12
2026-07-08 06:39:16 status triggers-awaited dovecot-pop3d:amd64 2:2.4.4-5+debian12
2026-07-08 06:39:16 configure dovecot-lmtpd:amd64 2:2.4.4-5+debian12 <none>
2026-07-08 06:39:16 status unpacked dovecot-lmtpd:amd64 2:2.4.4-5+debian12
2026-07-08 06:39:16 status half-configured dovecot-lmtpd:amd64 2:2.4.4-5+debian12
2026-07-08 06:39:16 status triggers-awaited dovecot-lmtpd:amd64 2:2.4.4-5+debian12
2026-07-08 06:39:16 configure dovecot-ldap:amd64 2:2.4.4-5+debian12 <none>
2026-07-08 06:39:16 status unpacked dovecot-ldap:amd64 2:2.4.4-5+debian12
2026-07-08 06:39:16 status half-configured dovecot-ldap:amd64 2:2.4.4-5+debian12
2026-07-08 06:39:16 status triggers-awaited dovecot-ldap:amd64 2:2.4.4-5+debian12
2026-07-08 06:39:16 configure dovecot-solr:amd64 2:2.4.4-5+debian12 <none>
2026-07-08 06:39:16 status unpacked dovecot-solr:amd64 2:2.4.4-5+debian12
2026-07-08 06:39:16 status half-configured dovecot-solr:amd64 2:2.4.4-5+debian12
2026-07-08 06:39:16 status triggers-awaited dovecot-solr:amd64 2:2.4.4-5+debian12
2026-07-08 06:39:16 configure dovecot-sqlite:amd64 2:2.4.4-5+debian12 <none>
2026-07-08 06:39:16 status unpacked dovecot-sqlite:amd64 2:2.4.4-5+debian12
2026-07-08 06:39:16 status half-configured dovecot-sqlite:amd64 2:2.4.4-5+debian12
2026-07-08 06:39:16 status triggers-awaited dovecot-sqlite:amd64 2:2.4.4-5+debian12
2026-07-08 06:39:16 trigproc libc-bin:amd64 2.36-9+deb12u14 <none>
2026-07-08 06:39:16 status half-configured libc-bin:amd64 2.36-9+deb12u14
2026-07-08 06:39:16 status installed libc-bin:amd64 2.36-9+deb12u14
2026-07-08 06:39:16 trigproc dovecot-core:amd64 2:2.4.4-5+debian12 <none>
2026-07-08 06:39:16 status half-configured dovecot-core:amd64 2:2.4.4-5+debian12
2026-07-08 06:39:16 status installed dovecot-sqlite:amd64 2:2.4.4-5+debian12
2026-07-08 06:39:16 status installed dovecot-solr:amd64 2:2.4.4-5+debian12
2026-07-08 06:39:16 status installed dovecot-ldap:amd64 2:2.4.4-5+debian12
2026-07-08 06:39:16 status installed dovecot-lmtpd:amd64 2:2.4.4-5+debian12
2026-07-08 06:39:16 status installed dovecot-pop3d:amd64 2:2.4.4-5+debian12
2026-07-08 06:39:16 status installed dovecot-imapd:amd64 2:2.4.4-5+debian12
2026-07-08 06:39:16 status installed dovecot-core:amd64 2:2.4.4-5+debian12
2026-07-08 06:39:16 configure dovecot-sieve:amd64 2:2.4.4-5+debian12 <none>
2026-07-08 06:39:16 status triggers-pending dovecot-core:amd64 2:2.4.4-5+debian12
2026-07-08 06:39:16 status unpacked dovecot-sieve:amd64 2:2.4.4-5+debian12
2026-07-08 06:39:16 status half-configured dovecot-sieve:amd64 2:2.4.4-5+debian12
2026-07-08 06:39:16 status triggers-awaited dovecot-sieve:amd64 2:2.4.4-5+debian12
2026-07-08 06:39:16 trigproc dovecot-core:amd64 2:2.4.4-5+debian12 <none>
2026-07-08 06:39:16 status half-configured dovecot-core:amd64 2:2.4.4-5+debian12
2026-07-08 06:39:16 status installed dovecot-sieve:amd64 2:2.4.4-5+debian12
2026-07-08 06:39:16 status installed dovecot-core:amd64 2:2.4.4-5+debian12
2026-07-08 06:39:16 configure dovecot-managesieved:amd64 2:2.4.4-5+debian12 <none>
2026-07-08 06:39:16 status triggers-pending dovecot-core:amd64 2:2.4.4-5+debian12
2026-07-08 06:39:16 status unpacked dovecot-managesieved:amd64 2:2.4.4-5+debian12
2026-07-08 06:39:16 status half-configured dovecot-managesieved:amd64 2:2.4.4-5+debian12
2026-07-08 06:39:16 status triggers-awaited dovecot-managesieved:amd64 2:2.4.4-5+debian12
2026-07-08 06:39:16 trigproc dovecot-core:amd64 2:2.4.4-5+debian12 <none>
2026-07-08 06:39:16 status half-configured dovecot-core:amd64 2:2.4.4-5+debian12
2026-07-08 06:39:16 status installed dovecot-managesieved:amd64 2:2.4.4-5+debian12
2026-07-08 06:39:16 status installed dovecot-core:amd64 2:2.4.4-5+debian12
2026-07-08 06:39:18 startup archives unpack
2026-07-08 06:39:18 install libhyperscan5:amd64 <none> 5.4.0-2
2026-07-08 06:39:18 status triggers-pending libc-bin:amd64 2.36-9+deb12u14
2026-07-08 06:39:18 status half-installed libhyperscan5:amd64 5.4.0-2
2026-07-08 06:39:18 status unpacked libhyperscan5:amd64 5.4.0-2
2026-07-08 06:39:18 install binutils-common:amd64 <none> 2.40-2
2026-07-08 06:39:18 status half-installed binutils-common:amd64 2.40-2
2026-07-08 06:39:19 status unpacked binutils-common:amd64 2.40-2
2026-07-08 06:39:19 install libbinutils:amd64 <none> 2.40-2
2026-07-08 06:39:19 status half-installed libbinutils:amd64 2.40-2
2026-07-08 06:39:19 status unpacked libbinutils:amd64 2.40-2
2026-07-08 06:39:19 install rspamd:amd64 <none> 4.1.1-1~0f29274~bookworm
2026-07-08 06:39:19 status half-installed rspamd:amd64 4.1.1-1~0f29274~bookworm
2026-07-08 06:39:19 status unpacked rspamd:amd64 4.1.1-1~0f29274~bookworm
2026-07-08 06:39:19 startup packages configure
2026-07-08 06:39:19 configure binutils-common:amd64 2.40-2 <none>
2026-07-08 06:39:19 status unpacked binutils-common:amd64 2.40-2
2026-07-08 06:39:19 status half-configured binutils-common:amd64 2.40-2
2026-07-08 06:39:19 status installed binutils-common:amd64 2.40-2
2026-07-08 06:39:19 configure libhyperscan5:amd64 5.4.0-2 <none>
2026-07-08 06:39:19 status unpacked libhyperscan5:amd64 5.4.0-2
2026-07-08 06:39:19 status half-configured libhyperscan5:amd64 5.4.0-2
2026-07-08 06:39:19 status installed libhyperscan5:amd64 5.4.0-2
2026-07-08 06:39:19 configure libbinutils:amd64 2.40-2 <none>
2026-07-08 06:39:19 status unpacked libbinutils:amd64 2.40-2
2026-07-08 06:39:19 status half-configured libbinutils:amd64 2.40-2
2026-07-08 06:39:19 status installed libbinutils:amd64 2.40-2
2026-07-08 06:39:19 configure rspamd:amd64 4.1.1-1~0f29274~bookworm <none>
2026-07-08 06:39:19 status unpacked rspamd:amd64 4.1.1-1~0f29274~bookworm
2026-07-08 06:39:20 status half-configured rspamd:amd64 4.1.1-1~0f29274~bookworm
2026-07-08 06:39:20 status installed rspamd:amd64 4.1.1-1~0f29274~bookworm
2026-07-08 06:39:20 trigproc libc-bin:amd64 2.36-9+deb12u14 <none>
2026-07-08 06:39:20 status half-configured libc-bin:amd64 2.36-9+deb12u14
2026-07-08 06:39:20 status installed libc-bin:amd64 2.36-9+deb12u14
2026-07-08 06:39:22 startup archives unpack
2026-07-08 06:39:22 install sqlite3:amd64 <none> 3.40.1-2+deb12u2
2026-07-08 06:39:22 status half-installed sqlite3:amd64 3.40.1-2+deb12u2
2026-07-08 06:39:22 status unpacked sqlite3:amd64 3.40.1-2+deb12u2
2026-07-08 06:39:22 startup packages configure
2026-07-08 06:39:22 configure sqlite3:amd64 3.40.1-2+deb12u2 <none>
2026-07-08 06:39:22 status unpacked sqlite3:amd64 3.40.1-2+deb12u2
2026-07-08 06:39:22 status half-configured sqlite3:amd64 3.40.1-2+deb12u2
2026-07-08 06:39:22 status installed sqlite3:amd64 3.40.1-2+deb12u2
2026-07-08 06:39:23 startup archives unpack
2026-07-08 06:39:23 install sudo:amd64 <none> 1.9.13p3-1+deb12u4
2026-07-08 06:39:23 status triggers-pending libc-bin:amd64 2.36-9+deb12u14
2026-07-08 06:39:23 status half-installed sudo:amd64 1.9.13p3-1+deb12u4
2026-07-08 06:39:24 status unpacked sudo:amd64 1.9.13p3-1+deb12u4
2026-07-08 06:39:24 install libuv1:amd64 <none> 1.44.2-1+deb12u1
2026-07-08 06:39:24 status half-installed libuv1:amd64 1.44.2-1+deb12u1
2026-07-08 06:39:24 status unpacked libuv1:amd64 1.44.2-1+deb12u1
2026-07-08 06:39:24 install libfstrm0:amd64 <none> 0.6.1-1
2026-07-08 06:39:24 status half-installed libfstrm0:amd64 0.6.1-1
2026-07-08 06:39:24 status unpacked libfstrm0:amd64 0.6.1-1
2026-07-08 06:39:24 install libjemalloc2:amd64 <none> 5.3.0-1
2026-07-08 06:39:24 status half-installed libjemalloc2:amd64 5.3.0-1
2026-07-08 06:39:24 status unpacked libjemalloc2:amd64 5.3.0-1
2026-07-08 06:39:24 install libjson-c5:amd64 <none> 0.16-2
2026-07-08 06:39:24 status half-installed libjson-c5:amd64 0.16-2
2026-07-08 06:39:24 status unpacked libjson-c5:amd64 0.16-2
2026-07-08 06:39:24 install liblmdb0:amd64 <none> 0.9.24-1
2026-07-08 06:39:24 status half-installed liblmdb0:amd64 0.9.24-1
2026-07-08 06:39:24 status unpacked liblmdb0:amd64 0.9.24-1
2026-07-08 06:39:24 install libmaxminddb0:amd64 <none> 1.7.1-1
2026-07-08 06:39:24 status half-installed libmaxminddb0:amd64 1.7.1-1
2026-07-08 06:39:24 status unpacked libmaxminddb0:amd64 1.7.1-1
2026-07-08 06:39:24 install libnghttp2-14:amd64 <none> 1.52.0-1+deb12u3
2026-07-08 06:39:24 status half-installed libnghttp2-14:amd64 1.52.0-1+deb12u3
2026-07-08 06:39:24 status unpacked libnghttp2-14:amd64 1.52.0-1+deb12u3
2026-07-08 06:39:24 install libprotobuf-c1:amd64 <none> 1.4.1-1+b1
2026-07-08 06:39:24 status half-installed libprotobuf-c1:amd64 1.4.1-1+b1
2026-07-08 06:39:24 status unpacked libprotobuf-c1:amd64 1.4.1-1+b1
2026-07-08 06:39:24 install bind9-libs:amd64 <none> 1:9.18.49-1~deb12u1
2026-07-08 06:39:24 status half-installed bind9-libs:amd64 1:9.18.49-1~deb12u1
2026-07-08 06:39:24 status unpacked bind9-libs:amd64 1:9.18.49-1~deb12u1
2026-07-08 06:39:24 install bind9-host:amd64 <none> 1:9.18.49-1~deb12u1
2026-07-08 06:39:24 status half-installed bind9-host:amd64 1:9.18.49-1~deb12u1
2026-07-08 06:39:24 status unpacked bind9-host:amd64 1:9.18.49-1~deb12u1
2026-07-08 06:39:24 install libbsd0:amd64 <none> 0.11.7-2
2026-07-08 06:39:24 status half-installed libbsd0:amd64 0.11.7-2
2026-07-08 06:39:24 status unpacked libbsd0:amd64 0.11.7-2
2026-07-08 06:39:24 install libedit2:amd64 <none> 3.1-20221030-2
2026-07-08 06:39:24 status half-installed libedit2:amd64 3.1-20221030-2
2026-07-08 06:39:24 status unpacked libedit2:amd64 3.1-20221030-2
2026-07-08 06:39:24 install bind9-dnsutils:amd64 <none> 1:9.18.49-1~deb12u1
2026-07-08 06:39:24 status half-installed bind9-dnsutils:amd64 1:9.18.49-1~deb12u1
2026-07-08 06:39:24 status unpacked bind9-dnsutils:amd64 1:9.18.49-1~deb12u1
2026-07-08 06:39:24 install dnsutils:all <none> 1:9.18.49-1~deb12u1
2026-07-08 06:39:24 status half-installed dnsutils:all 1:9.18.49-1~deb12u1
2026-07-08 06:39:24 status unpacked dnsutils:all 1:9.18.49-1~deb12u1
2026-07-08 06:39:24 install mpack:amd64 <none> 1.6-18+b1
2026-07-08 06:39:24 status half-installed mpack:amd64 1.6-18+b1
2026-07-08 06:39:24 status unpacked mpack:amd64 1.6-18+b1
2026-07-08 06:39:24 install net-tools:amd64 <none> 2.10-0.1+deb12u2
2026-07-08 06:39:24 status half-installed net-tools:amd64 2.10-0.1+deb12u2
2026-07-08 06:39:25 status unpacked net-tools:amd64 2.10-0.1+deb12u2
2026-07-08 06:39:25 install psmisc:amd64 <none> 23.6-1
2026-07-08 06:39:25 status half-installed psmisc:amd64 23.6-1
2026-07-08 06:39:25 status unpacked psmisc:amd64 23.6-1
2026-07-08 06:39:25 install unzip:amd64 <none> 6.0-28
2026-07-08 06:39:25 status half-installed unzip:amd64 6.0-28
2026-07-08 06:39:25 status unpacked unzip:amd64 6.0-28
2026-07-08 06:39:25 startup packages configure
2026-07-08 06:39:25 configure liblmdb0:amd64 0.9.24-1 <none>
2026-07-08 06:39:25 status unpacked liblmdb0:amd64 0.9.24-1
2026-07-08 06:39:25 status half-configured liblmdb0:amd64 0.9.24-1
2026-07-08 06:39:25 status installed liblmdb0:amd64 0.9.24-1
2026-07-08 06:39:25 configure net-tools:amd64 2.10-0.1+deb12u2 <none>
2026-07-08 06:39:25 status unpacked net-tools:amd64 2.10-0.1+deb12u2
2026-07-08 06:39:25 status half-configured net-tools:amd64 2.10-0.1+deb12u2
2026-07-08 06:39:25 status installed net-tools:amd64 2.10-0.1+deb12u2
2026-07-08 06:39:25 configure mpack:amd64 1.6-18+b1 <none>
2026-07-08 06:39:25 status unpacked mpack:amd64 1.6-18+b1
2026-07-08 06:39:25 status half-configured mpack:amd64 1.6-18+b1
2026-07-08 06:39:25 status installed mpack:amd64 1.6-18+b1
2026-07-08 06:39:25 configure psmisc:amd64 23.6-1 <none>
2026-07-08 06:39:25 status unpacked psmisc:amd64 23.6-1
2026-07-08 06:39:25 status half-configured psmisc:amd64 23.6-1
2026-07-08 06:39:25 status installed psmisc:amd64 23.6-1
2026-07-08 06:39:25 configure libmaxminddb0:amd64 1.7.1-1 <none>
2026-07-08 06:39:25 status unpacked libmaxminddb0:amd64 1.7.1-1
2026-07-08 06:39:25 status half-configured libmaxminddb0:amd64 1.7.1-1
2026-07-08 06:39:25 status installed libmaxminddb0:amd64 1.7.1-1
2026-07-08 06:39:25 configure unzip:amd64 6.0-28 <none>
2026-07-08 06:39:25 status unpacked unzip:amd64 6.0-28
2026-07-08 06:39:25 status half-configured unzip:amd64 6.0-28
2026-07-08 06:39:25 status installed unzip:amd64 6.0-28
2026-07-08 06:39:25 configure libfstrm0:amd64 0.6.1-1 <none>
2026-07-08 06:39:25 status unpacked libfstrm0:amd64 0.6.1-1
2026-07-08 06:39:25 status half-configured libfstrm0:amd64 0.6.1-1
2026-07-08 06:39:25 status installed libfstrm0:amd64 0.6.1-1
2026-07-08 06:39:25 configure libnghttp2-14:amd64 1.52.0-1+deb12u3 <none>
2026-07-08 06:39:25 status unpacked libnghttp2-14:amd64 1.52.0-1+deb12u3
2026-07-08 06:39:25 status half-configured libnghttp2-14:amd64 1.52.0-1+deb12u3
2026-07-08 06:39:25 status installed libnghttp2-14:amd64 1.52.0-1+deb12u3
2026-07-08 06:39:25 configure libjemalloc2:amd64 5.3.0-1 <none>
2026-07-08 06:39:25 status unpacked libjemalloc2:amd64 5.3.0-1
2026-07-08 06:39:25 status half-configured libjemalloc2:amd64 5.3.0-1
2026-07-08 06:39:25 status installed libjemalloc2:amd64 5.3.0-1
2026-07-08 06:39:25 configure libprotobuf-c1:amd64 1.4.1-1+b1 <none>
2026-07-08 06:39:25 status unpacked libprotobuf-c1:amd64 1.4.1-1+b1
2026-07-08 06:39:25 status half-configured libprotobuf-c1:amd64 1.4.1-1+b1
2026-07-08 06:39:25 status installed libprotobuf-c1:amd64 1.4.1-1+b1
2026-07-08 06:39:25 configure libuv1:amd64 1.44.2-1+deb12u1 <none>
2026-07-08 06:39:25 status unpacked libuv1:amd64 1.44.2-1+deb12u1
2026-07-08 06:39:25 status half-configured libuv1:amd64 1.44.2-1+deb12u1
2026-07-08 06:39:25 status installed libuv1:amd64 1.44.2-1+deb12u1
2026-07-08 06:39:25 configure sudo:amd64 1.9.13p3-1+deb12u4 <none>
2026-07-08 06:39:25 status unpacked sudo:amd64 1.9.13p3-1+deb12u4
2026-07-08 06:39:25 status half-configured sudo:amd64 1.9.13p3-1+deb12u4
2026-07-08 06:39:25 status installed sudo:amd64 1.9.13p3-1+deb12u4
2026-07-08 06:39:25 configure libbsd0:amd64 0.11.7-2 <none>
2026-07-08 06:39:25 status unpacked libbsd0:amd64 0.11.7-2
2026-07-08 06:39:25 status half-configured libbsd0:amd64 0.11.7-2
2026-07-08 06:39:25 status installed libbsd0:amd64 0.11.7-2
2026-07-08 06:39:25 configure libjson-c5:amd64 0.16-2 <none>
2026-07-08 06:39:25 status unpacked libjson-c5:amd64 0.16-2
2026-07-08 06:39:25 status half-configured libjson-c5:amd64 0.16-2
2026-07-08 06:39:25 status installed libjson-c5:amd64 0.16-2
2026-07-08 06:39:25 configure bind9-libs:amd64 1:9.18.49-1~deb12u1 <none>
2026-07-08 06:39:25 status unpacked bind9-libs:amd64 1:9.18.49-1~deb12u1
2026-07-08 06:39:25 status half-configured bind9-libs:amd64 1:9.18.49-1~deb12u1
2026-07-08 06:39:25 status installed bind9-libs:amd64 1:9.18.49-1~deb12u1
2026-07-08 06:39:25 configure libedit2:amd64 3.1-20221030-2 <none>
2026-07-08 06:39:25 status unpacked libedit2:amd64 3.1-20221030-2
2026-07-08 06:39:25 status half-configured libedit2:amd64 3.1-20221030-2
2026-07-08 06:39:25 status installed libedit2:amd64 3.1-20221030-2
2026-07-08 06:39:25 configure bind9-host:amd64 1:9.18.49-1~deb12u1 <none>
2026-07-08 06:39:25 status unpacked bind9-host:amd64 1:9.18.49-1~deb12u1
2026-07-08 06:39:25 status half-configured bind9-host:amd64 1:9.18.49-1~deb12u1
2026-07-08 06:39:25 status installed bind9-host:amd64 1:9.18.49-1~deb12u1
2026-07-08 06:39:25 configure bind9-dnsutils:amd64 1:9.18.49-1~deb12u1 <none>
2026-07-08 06:39:25 status unpacked bind9-dnsutils:amd64 1:9.18.49-1~deb12u1
2026-07-08 06:39:25 status half-configured bind9-dnsutils:amd64 1:9.18.49-1~deb12u1
2026-07-08 06:39:25 status installed bind9-dnsutils:amd64 1:9.18.49-1~deb12u1
2026-07-08 06:39:25 configure dnsutils:all 1:9.18.49-1~deb12u1 <none>
2026-07-08 06:39:25 status unpacked dnsutils:all 1:9.18.49-1~deb12u1
2026-07-08 06:39:25 status half-configured dnsutils:all 1:9.18.49-1~deb12u1
2026-07-08 06:39:25 status installed dnsutils:all 1:9.18.49-1~deb12u1
2026-07-08 06:39:25 trigproc libc-bin:amd64 2.36-9+deb12u14 <none>
2026-07-08 06:39:25 status half-configured libc-bin:amd64 2.36-9+deb12u14
2026-07-08 06:39:25 status installed libc-bin:amd64 2.36-9+deb12u14
2026-07-08 06:39:27 startup archives unpack
2026-07-08 06:39:27 install libatomic1:amd64 <none> 12.2.0-14+deb12u1
2026-07-08 06:39:27 status triggers-pending libc-bin:amd64 2.36-9+deb12u14
2026-07-08 06:39:27 status half-installed libatomic1:amd64 12.2.0-14+deb12u1
2026-07-08 06:39:27 status unpacked libatomic1:amd64 12.2.0-14+deb12u1
2026-07-08 06:39:27 install liblzf1:amd64 <none> 3.6-3
2026-07-08 06:39:27 status half-installed liblzf1:amd64 3.6-3
2026-07-08 06:39:27 status unpacked liblzf1:amd64 3.6-3
2026-07-08 06:39:27 install redis-tools:amd64 <none> 5:7.0.15-1~deb12u7
2026-07-08 06:39:27 status half-installed redis-tools:amd64 5:7.0.15-1~deb12u7
2026-07-08 06:39:27 status unpacked redis-tools:amd64 5:7.0.15-1~deb12u7
2026-07-08 06:39:27 install redis-server:amd64 <none> 5:7.0.15-1~deb12u7
2026-07-08 06:39:27 status half-installed redis-server:amd64 5:7.0.15-1~deb12u7
2026-07-08 06:39:27 status unpacked redis-server:amd64 5:7.0.15-1~deb12u7
2026-07-08 06:39:27 startup packages configure
2026-07-08 06:39:27 configure liblzf1:amd64 3.6-3 <none>
2026-07-08 06:39:27 status unpacked liblzf1:amd64 3.6-3
2026-07-08 06:39:27 status half-configured liblzf1:amd64 3.6-3
2026-07-08 06:39:27 status installed liblzf1:amd64 3.6-3
2026-07-08 06:39:27 configure libatomic1:amd64 12.2.0-14+deb12u1 <none>
2026-07-08 06:39:27 status unpacked libatomic1:amd64 12.2.0-14+deb12u1
2026-07-08 06:39:27 status half-configured libatomic1:amd64 12.2.0-14+deb12u1
2026-07-08 06:39:27 status installed libatomic1:amd64 12.2.0-14+deb12u1
2026-07-08 06:39:27 configure redis-tools:amd64 5:7.0.15-1~deb12u7 <none>
2026-07-08 06:39:27 status unpacked redis-tools:amd64 5:7.0.15-1~deb12u7
2026-07-08 06:39:27 status half-configured redis-tools:amd64 5:7.0.15-1~deb12u7
2026-07-08 06:39:27 status installed redis-tools:amd64 5:7.0.15-1~deb12u7
2026-07-08 06:39:27 configure redis-server:amd64 5:7.0.15-1~deb12u7 <none>
2026-07-08 06:39:27 status unpacked redis-server:amd64 5:7.0.15-1~deb12u7
2026-07-08 06:39:27 status half-configured redis-server:amd64 5:7.0.15-1~deb12u7
2026-07-08 06:39:27 status installed redis-server:amd64 5:7.0.15-1~deb12u7
2026-07-08 06:39:27 trigproc libc-bin:amd64 2.36-9+deb12u14 <none>
2026-07-08 06:39:27 status half-configured libc-bin:amd64 2.36-9+deb12u14
2026-07-08 06:39:27 status installed libc-bin:amd64 2.36-9+deb12u14
2026-07-08 06:39:29 startup archives unpack
2026-07-08 06:39:29 install libdbus-1-3:amd64 <none> 1.14.10-1~deb12u1
2026-07-08 06:39:29 status triggers-pending libc-bin:amd64 2.36-9+deb12u14
2026-07-08 06:39:29 status half-installed libdbus-1-3:amd64 1.14.10-1~deb12u1
2026-07-08 06:39:29 status unpacked libdbus-1-3:amd64 1.14.10-1~deb12u1
2026-07-08 06:39:29 install libpcap0.8:amd64 <none> 1.10.3-1
2026-07-08 06:39:29 status half-installed libpcap0.8:amd64 1.10.3-1
2026-07-08 06:39:29 status unpacked libpcap0.8:amd64 1.10.3-1
2026-07-08 06:39:29 install p0f:amd64 <none> 3.09b-3
2026-07-08 06:39:29 status half-installed p0f:amd64 3.09b-3
2026-07-08 06:39:29 status unpacked p0f:amd64 3.09b-3
2026-07-08 06:39:29 startup packages configure
2026-07-08 06:39:29 configure libdbus-1-3:amd64 1.14.10-1~deb12u1 <none>
2026-07-08 06:39:29 status unpacked libdbus-1-3:amd64 1.14.10-1~deb12u1
2026-07-08 06:39:29 status half-configured libdbus-1-3:amd64 1.14.10-1~deb12u1
2026-07-08 06:39:29 status installed libdbus-1-3:amd64 1.14.10-1~deb12u1
2026-07-08 06:39:29 configure libpcap0.8:amd64 1.10.3-1 <none>
2026-07-08 06:39:29 status unpacked libpcap0.8:amd64 1.10.3-1
2026-07-08 06:39:29 status half-configured libpcap0.8:amd64 1.10.3-1
2026-07-08 06:39:29 status installed libpcap0.8:amd64 1.10.3-1
2026-07-08 06:39:29 configure p0f:amd64 3.09b-3 <none>
2026-07-08 06:39:29 status unpacked p0f:amd64 3.09b-3
2026-07-08 06:39:29 status half-configured p0f:amd64 3.09b-3
2026-07-08 06:39:29 status installed p0f:amd64 3.09b-3
2026-07-08 06:39:29 trigproc libc-bin:amd64 2.36-9+deb12u14 <none>
2026-07-08 06:39:29 status half-configured libc-bin:amd64 2.36-9+deb12u14
2026-07-08 06:39:29 status installed libc-bin:amd64 2.36-9+deb12u14
2026-07-08 06:39:30 startup archives unpack
2026-07-08 06:39:30 install libbrotli1:amd64 <none> 1.0.9-2+b6
2026-07-08 06:39:30 status triggers-pending libc-bin:amd64 2.36-9+deb12u14
2026-07-08 06:39:30 status half-installed libbrotli1:amd64 1.0.9-2+b6
2026-07-08 06:39:30 status unpacked libbrotli1:amd64 1.0.9-2+b6
2026-07-08 06:39:30 install librtmp1:amd64 <none> 2.4+20151223.gitfa8646d.1-2+b2
2026-07-08 06:39:30 status half-installed librtmp1:amd64 2.4+20151223.gitfa8646d.1-2+b2
2026-07-08 06:39:30 status unpacked librtmp1:amd64 2.4+20151223.gitfa8646d.1-2+b2
2026-07-08 06:39:30 install libssh2-1:amd64 <none> 1.10.0-3+b1
2026-07-08 06:39:30 status half-installed libssh2-1:amd64 1.10.0-3+b1
2026-07-08 06:39:30 status unpacked libssh2-1:amd64 1.10.0-3+b1
2026-07-08 06:39:30 install libcurl4:amd64 <none> 7.88.1-10+deb12u14
2026-07-08 06:39:30 status half-installed libcurl4:amd64 7.88.1-10+deb12u14
2026-07-08 06:39:30 status unpacked libcurl4:amd64 7.88.1-10+deb12u14
2026-07-08 06:39:30 install curl:amd64 <none> 7.88.1-10+deb12u14
2026-07-08 06:39:30 status half-installed curl:amd64 7.88.1-10+deb12u14
2026-07-08 06:39:30 status unpacked curl:amd64 7.88.1-10+deb12u14
2026-07-08 06:39:31 install netcat-openbsd:amd64 <none> 1.219-1
2026-07-08 06:39:31 status half-installed netcat-openbsd:amd64 1.219-1
2026-07-08 06:39:31 status unpacked netcat-openbsd:amd64 1.219-1
2026-07-08 06:39:31 startup packages configure
2026-07-08 06:39:31 configure libbrotli1:amd64 1.0.9-2+b6 <none>
2026-07-08 06:39:31 status unpacked libbrotli1:amd64 1.0.9-2+b6
2026-07-08 06:39:31 status half-configured libbrotli1:amd64 1.0.9-2+b6
2026-07-08 06:39:31 status installed libbrotli1:amd64 1.0.9-2+b6
2026-07-08 06:39:31 configure netcat-openbsd:amd64 1.219-1 <none>
2026-07-08 06:39:31 status unpacked netcat-openbsd:amd64 1.219-1
2026-07-08 06:39:31 status half-configured netcat-openbsd:amd64 1.219-1
2026-07-08 06:39:31 status installed netcat-openbsd:amd64 1.219-1
2026-07-08 06:39:31 configure librtmp1:amd64 2.4+20151223.gitfa8646d.1-2+b2 <none>
2026-07-08 06:39:31 status unpacked librtmp1:amd64 2.4+20151223.gitfa8646d.1-2+b2
2026-07-08 06:39:31 status half-configured librtmp1:amd64 2.4+20151223.gitfa8646d.1-2+b2
2026-07-08 06:39:31 status installed librtmp1:amd64 2.4+20151223.gitfa8646d.1-2+b2
2026-07-08 06:39:31 configure libssh2-1:amd64 1.10.0-3+b1 <none>
2026-07-08 06:39:31 status unpacked libssh2-1:amd64 1.10.0-3+b1
2026-07-08 06:39:31 status half-configured libssh2-1:amd64 1.10.0-3+b1
2026-07-08 06:39:31 status installed libssh2-1:amd64 1.10.0-3+b1
2026-07-08 06:39:31 configure libcurl4:amd64 7.88.1-10+deb12u14 <none>
2026-07-08 06:39:31 status unpacked libcurl4:amd64 7.88.1-10+deb12u14
2026-07-08 06:39:31 status half-configured libcurl4:amd64 7.88.1-10+deb12u14
2026-07-08 06:39:31 status installed libcurl4:amd64 7.88.1-10+deb12u14
2026-07-08 06:39:31 configure curl:amd64 7.88.1-10+deb12u14 <none>
2026-07-08 06:39:31 status unpacked curl:amd64 7.88.1-10+deb12u14
2026-07-08 06:39:31 status half-configured curl:amd64 7.88.1-10+deb12u14
2026-07-08 06:39:31 status installed curl:amd64 7.88.1-10+deb12u14
2026-07-08 06:39:31 trigproc libc-bin:amd64 2.36-9+deb12u14 <none>
2026-07-08 06:39:31 status half-configured libc-bin:amd64 2.36-9+deb12u14
2026-07-08 06:39:31 status installed libc-bin:amd64 2.36-9+deb12u14
2026-07-08 06:39:33 startup archives unpack
2026-07-08 06:39:33 install libargon2-1:amd64 <none> 0~20171227-0.3+deb12u1
2026-07-08 06:39:33 status triggers-pending libc-bin:amd64 2.36-9+deb12u14
2026-07-08 06:39:33 status half-installed libargon2-1:amd64 0~20171227-0.3+deb12u1
2026-07-08 06:39:33 status unpacked libargon2-1:amd64 0~20171227-0.3+deb12u1
2026-07-08 06:39:33 install dmsetup:amd64 <none> 2:1.02.185-2
2026-07-08 06:39:33 status half-installed dmsetup:amd64 2:1.02.185-2
2026-07-08 06:39:33 status unpacked dmsetup:amd64 2:1.02.185-2
2026-07-08 06:39:33 install libdevmapper1.02.1:amd64 <none> 2:1.02.185-2
2026-07-08 06:39:33 status half-installed libdevmapper1.02.1:amd64 2:1.02.185-2
2026-07-08 06:39:33 status unpacked libdevmapper1.02.1:amd64 2:1.02.185-2
2026-07-08 06:39:33 install libcryptsetup12:amd64 <none> 2:2.6.1-4~deb12u2
2026-07-08 06:39:33 status half-installed libcryptsetup12:amd64 2:2.6.1-4~deb12u2
2026-07-08 06:39:33 status unpacked libcryptsetup12:amd64 2:2.6.1-4~deb12u2
2026-07-08 06:39:33 install libfdisk1:amd64 <none> 2.38.1-5+deb12u3
2026-07-08 06:39:33 status half-installed libfdisk1:amd64 2.38.1-5+deb12u3
2026-07-08 06:39:33 status unpacked libfdisk1:amd64 2.38.1-5+deb12u3
2026-07-08 06:39:33 install libkmod2:amd64 <none> 30+20221128-1
2026-07-08 06:39:33 status half-installed libkmod2:amd64 30+20221128-1
2026-07-08 06:39:33 status unpacked libkmod2:amd64 30+20221128-1
2026-07-08 06:39:33 install libip4tc2:amd64 <none> 1.8.9-2
2026-07-08 06:39:33 status half-installed libip4tc2:amd64 1.8.9-2
2026-07-08 06:39:33 status unpacked libip4tc2:amd64 1.8.9-2
2026-07-08 06:39:33 install libsystemd-shared:amd64 <none> 252.39-1~deb12u2
2026-07-08 06:39:33 status half-installed libsystemd-shared:amd64 252.39-1~deb12u2
2026-07-08 06:39:34 status unpacked libsystemd-shared:amd64 252.39-1~deb12u2
2026-07-08 06:39:34 install systemd:amd64 <none> 252.39-1~deb12u2
2026-07-08 06:39:34 status half-installed systemd:amd64 252.39-1~deb12u2
2026-07-08 06:39:34 status unpacked systemd:amd64 252.39-1~deb12u2
2026-07-08 06:39:34 install php-common:all <none> 2:93
2026-07-08 06:39:34 status half-installed php-common:all 2:93
2026-07-08 06:39:34 status unpacked php-common:all 2:93
2026-07-08 06:39:34 install php8.2-common:amd64 <none> 8.2.32-1~deb12u1
2026-07-08 06:39:34 status half-installed php8.2-common:amd64 8.2.32-1~deb12u1
2026-07-08 06:39:35 status unpacked php8.2-common:amd64 8.2.32-1~deb12u1
2026-07-08 06:39:35 install libmagic-mgc:amd64 <none> 1:5.44-3
2026-07-08 06:39:35 status half-installed libmagic-mgc:amd64 1:5.44-3
2026-07-08 06:39:35 status unpacked libmagic-mgc:amd64 1:5.44-3
2026-07-08 06:39:35 install libmagic1:amd64 <none> 1:5.44-3
2026-07-08 06:39:35 status half-installed libmagic1:amd64 1:5.44-3
2026-07-08 06:39:35 status unpacked libmagic1:amd64 1:5.44-3
2026-07-08 06:39:35 install media-types:all <none> 10.0.0
2026-07-08 06:39:35 status half-installed media-types:all 10.0.0
2026-07-08 06:39:35 status unpacked media-types:all 10.0.0
2026-07-08 06:39:35 install php8.2-opcache:amd64 <none> 8.2.32-1~deb12u1
2026-07-08 06:39:35 status half-installed php8.2-opcache:amd64 8.2.32-1~deb12u1
2026-07-08 06:39:35 status unpacked php8.2-opcache:amd64 8.2.32-1~deb12u1
2026-07-08 06:39:35 install php8.2-readline:amd64 <none> 8.2.32-1~deb12u1
2026-07-08 06:39:35 status half-installed php8.2-readline:amd64 8.2.32-1~deb12u1
2026-07-08 06:39:35 status unpacked php8.2-readline:amd64 8.2.32-1~deb12u1
2026-07-08 06:39:35 install php8.2-cli:amd64 <none> 8.2.32-1~deb12u1
2026-07-08 06:39:35 status half-installed php8.2-cli:amd64 8.2.32-1~deb12u1
2026-07-08 06:39:35 status unpacked php8.2-cli:amd64 8.2.32-1~deb12u1
2026-07-08 06:39:35 install libproc2-0:amd64 <none> 2:4.0.2-3
2026-07-08 06:39:35 status half-installed libproc2-0:amd64 2:4.0.2-3
2026-07-08 06:39:35 status unpacked libproc2-0:amd64 2:4.0.2-3
2026-07-08 06:39:35 install procps:amd64 <none> 2:4.0.2-3
2026-07-08 06:39:35 status half-installed procps:amd64 2:4.0.2-3
2026-07-08 06:39:35 status unpacked procps:amd64 2:4.0.2-3
2026-07-08 06:39:35 install php8.2-fpm:amd64 <none> 8.2.32-1~deb12u1
2026-07-08 06:39:35 status half-installed php8.2-fpm:amd64 8.2.32-1~deb12u1
2026-07-08 06:39:36 status unpacked php8.2-fpm:amd64 8.2.32-1~deb12u1
2026-07-08 06:39:36 install libxmlrpc-epi0:amd64 <none> 0.54.2-1.3+b1
2026-07-08 06:39:36 status half-installed libxmlrpc-epi0:amd64 0.54.2-1.3+b1
2026-07-08 06:39:36 status unpacked libxmlrpc-epi0:amd64 0.54.2-1.3+b1
2026-07-08 06:39:36 startup packages configure
2026-07-08 06:39:36 configure php-common:all 2:93 <none>
2026-07-08 06:39:36 status unpacked php-common:all 2:93
2026-07-08 06:39:36 status half-configured php-common:all 2:93
2026-07-08 06:39:36 status installed php-common:all 2:93
2026-07-08 06:39:36 startup archives unpack
2026-07-08 06:39:36 install php8.2-xmlrpc:amd64 <none> 3:1.0.0~rc3-6
2026-07-08 06:39:36 status half-installed php8.2-xmlrpc:amd64 3:1.0.0~rc3-6
2026-07-08 06:39:36 status unpacked php8.2-xmlrpc:amd64 3:1.0.0~rc3-6
2026-07-08 06:39:36 install php-xmlrpc:amd64 <none> 3:1.0.0~rc3-6
2026-07-08 06:39:36 status half-installed php-xmlrpc:amd64 3:1.0.0~rc3-6
2026-07-08 06:39:36 status unpacked php-xmlrpc:amd64 3:1.0.0~rc3-6
2026-07-08 06:39:36 install libelf1:amd64 <none> 0.188-2.1
2026-07-08 06:39:36 status half-installed libelf1:amd64 0.188-2.1
2026-07-08 06:39:36 status unpacked libelf1:amd64 0.188-2.1
2026-07-08 06:39:36 install libbpf1:amd64 <none> 1:1.1.2-0+deb12u1
2026-07-08 06:39:36 status half-installed libbpf1:amd64 1:1.1.2-0+deb12u1
2026-07-08 06:39:36 status unpacked libbpf1:amd64 1:1.1.2-0+deb12u1
2026-07-08 06:39:36 install libmnl0:amd64 <none> 1.0.4-3
2026-07-08 06:39:36 status half-installed libmnl0:amd64 1.0.4-3
2026-07-08 06:39:36 status unpacked libmnl0:amd64 1.0.4-3
2026-07-08 06:39:36 install libxtables12:amd64 <none> 1.8.9-2
2026-07-08 06:39:36 status half-installed libxtables12:amd64 1.8.9-2
2026-07-08 06:39:36 status unpacked libxtables12:amd64 1.8.9-2
2026-07-08 06:39:36 install libcap2-bin:amd64 <none> 1:2.66-4+deb12u3+b1
2026-07-08 06:39:36 status half-installed libcap2-bin:amd64 1:2.66-4+deb12u3+b1
2026-07-08 06:39:36 status unpacked libcap2-bin:amd64 1:2.66-4+deb12u3+b1
2026-07-08 06:39:36 install iproute2:amd64 <none> 6.1.0-3
2026-07-08 06:39:36 status half-installed iproute2:amd64 6.1.0-3
2026-07-08 06:39:36 status unpacked iproute2:amd64 6.1.0-3
2026-07-08 06:39:36 install nginx-common:all <none> 1.22.1-9+deb12u9
2026-07-08 06:39:36 status half-installed nginx-common:all 1.22.1-9+deb12u9
2026-07-08 06:39:36 status unpacked nginx-common:all 1.22.1-9+deb12u9
2026-07-08 06:39:36 install nginx:amd64 <none> 1.22.1-9+deb12u9
2026-07-08 06:39:36 status half-installed nginx:amd64 1.22.1-9+deb12u9
2026-07-08 06:39:36 status unpacked nginx:amd64 1.22.1-9+deb12u9
2026-07-08 06:39:37 install libnginx-mod-http-echo:amd64 <none> 1:0.63-4
2026-07-08 06:39:37 status half-installed libnginx-mod-http-echo:amd64 1:0.63-4
2026-07-08 06:39:37 status unpacked libnginx-mod-http-echo:amd64 1:0.63-4
2026-07-08 06:39:37 install libonig5:amd64 <none> 6.9.8-1
2026-07-08 06:39:37 status half-installed libonig5:amd64 6.9.8-1
2026-07-08 06:39:37 status unpacked libonig5:amd64 6.9.8-1
2026-07-08 06:39:37 install libxslt1.1:amd64 <none> 1.1.35-1+deb12u4
2026-07-08 06:39:37 status half-installed libxslt1.1:amd64 1.1.35-1+deb12u4
2026-07-08 06:39:37 status unpacked libxslt1.1:amd64 1.1.35-1+deb12u4
2026-07-08 06:39:37 install libzip4:amd64 <none> 1.7.3-1+b1
2026-07-08 06:39:37 status half-installed libzip4:amd64 1.7.3-1+b1
2026-07-08 06:39:37 status unpacked libzip4:amd64 1.7.3-1+b1
2026-07-08 06:39:37 install nginx-light:all <none> 1.22.1-9+deb12u9
2026-07-08 06:39:37 status half-installed nginx-light:all 1.22.1-9+deb12u9
2026-07-08 06:39:37 status unpacked nginx-light:all 1.22.1-9+deb12u9
2026-07-08 06:39:37 install php8.2-bcmath:amd64 <none> 8.2.32-1~deb12u1
2026-07-08 06:39:37 status half-installed php8.2-bcmath:amd64 8.2.32-1~deb12u1
2026-07-08 06:39:37 status unpacked php8.2-bcmath:amd64 8.2.32-1~deb12u1
2026-07-08 06:39:37 install php-bcmath:all <none> 2:8.2+93
2026-07-08 06:39:37 status half-installed php-bcmath:all 2:8.2+93
2026-07-08 06:39:37 status unpacked php-bcmath:all 2:8.2+93
2026-07-08 06:39:37 install php-cli:all <none> 2:8.2+93
2026-07-08 06:39:37 status half-installed php-cli:all 2:8.2+93
2026-07-08 06:39:37 status unpacked php-cli:all 2:8.2+93
2026-07-08 06:39:37 install php8.2-curl:amd64 <none> 8.2.32-1~deb12u1
2026-07-08 06:39:37 status half-installed php8.2-curl:amd64 8.2.32-1~deb12u1
2026-07-08 06:39:37 status unpacked php8.2-curl:amd64 8.2.32-1~deb12u1
2026-07-08 06:39:37 install php-curl:all <none> 2:8.2+93
2026-07-08 06:39:37 status half-installed php-curl:all 2:8.2+93
2026-07-08 06:39:37 status unpacked php-curl:all 2:8.2+93
2026-07-08 06:39:37 install php-fpm:all <none> 2:8.2+93
2026-07-08 06:39:37 status half-installed php-fpm:all 2:8.2+93
2026-07-08 06:39:37 status unpacked php-fpm:all 2:8.2+93
2026-07-08 06:39:37 install php8.2-intl:amd64 <none> 8.2.32-1~deb12u1
2026-07-08 06:39:37 status half-installed php8.2-intl:amd64 8.2.32-1~deb12u1
2026-07-08 06:39:37 status unpacked php8.2-intl:amd64 8.2.32-1~deb12u1
2026-07-08 06:39:37 install php-intl:all <none> 2:8.2+93
2026-07-08 06:39:37 status half-installed php-intl:all 2:8.2+93
2026-07-08 06:39:37 status unpacked php-intl:all 2:8.2+93
2026-07-08 06:39:37 install php8.2-mbstring:amd64 <none> 8.2.32-1~deb12u1
2026-07-08 06:39:37 status half-installed php8.2-mbstring:amd64 8.2.32-1~deb12u1
2026-07-08 06:39:37 status unpacked php8.2-mbstring:amd64 8.2.32-1~deb12u1
2026-07-08 06:39:37 install php-mbstring:all <none> 2:8.2+93
2026-07-08 06:39:37 status half-installed php-mbstring:all 2:8.2+93
2026-07-08 06:39:37 status unpacked php-mbstring:all 2:8.2+93
2026-07-08 06:39:37 install php8.2-sqlite3:amd64 <none> 8.2.32-1~deb12u1
2026-07-08 06:39:37 status half-installed php8.2-sqlite3:amd64 8.2.32-1~deb12u1
2026-07-08 06:39:37 status unpacked php8.2-sqlite3:amd64 8.2.32-1~deb12u1
2026-07-08 06:39:38 install php-sqlite3:all <none> 2:8.2+93
2026-07-08 06:39:38 status half-installed php-sqlite3:all 2:8.2+93
2026-07-08 06:39:38 status unpacked php-sqlite3:all 2:8.2+93
2026-07-08 06:39:38 install php8.2-xml:amd64 <none> 8.2.32-1~deb12u1
2026-07-08 06:39:38 status half-installed php8.2-xml:amd64 8.2.32-1~deb12u1
2026-07-08 06:39:38 status unpacked php8.2-xml:amd64 8.2.32-1~deb12u1
2026-07-08 06:39:38 install php-xml:all <none> 2:8.2+93
2026-07-08 06:39:38 status half-installed php-xml:all 2:8.2+93
2026-07-08 06:39:38 status unpacked php-xml:all 2:8.2+93
2026-07-08 06:39:38 install php8.2-zip:amd64 <none> 8.2.32-1~deb12u1
2026-07-08 06:39:38 status half-installed php8.2-zip:amd64 8.2.32-1~deb12u1
2026-07-08 06:39:38 status unpacked php8.2-zip:amd64 8.2.32-1~deb12u1
2026-07-08 06:39:38 install php-zip:all <none> 2:8.2+93
2026-07-08 06:39:38 status half-installed php-zip:all 2:8.2+93
2026-07-08 06:39:38 status unpacked php-zip:all 2:8.2+93
2026-07-08 06:39:38 startup packages configure
2026-07-08 06:39:38 configure libip4tc2:amd64 1.8.9-2 <none>
2026-07-08 06:39:38 status unpacked libip4tc2:amd64 1.8.9-2
2026-07-08 06:39:38 status half-configured libip4tc2:amd64 1.8.9-2
2026-07-08 06:39:38 status installed libip4tc2:amd64 1.8.9-2
2026-07-08 06:39:38 configure media-types:all 10.0.0 <none>
2026-07-08 06:39:38 status unpacked media-types:all 10.0.0
2026-07-08 06:39:38 status half-configured media-types:all 10.0.0
2026-07-08 06:39:38 status installed media-types:all 10.0.0
2026-07-08 06:39:38 configure php8.2-common:amd64 8.2.32-1~deb12u1 <none>
2026-07-08 06:39:38 status unpacked php8.2-common:amd64 8.2.32-1~deb12u1
2026-07-08 06:39:38 status half-configured php8.2-common:amd64 8.2.32-1~deb12u1
2026-07-08 06:39:44 status installed php8.2-common:amd64 8.2.32-1~deb12u1
2026-07-08 06:39:44 configure php8.2-bcmath:amd64 8.2.32-1~deb12u1 <none>
2026-07-08 06:39:44 status unpacked php8.2-bcmath:amd64 8.2.32-1~deb12u1
2026-07-08 06:39:44 status half-configured php8.2-bcmath:amd64 8.2.32-1~deb12u1
2026-07-08 06:39:44 status installed php8.2-bcmath:amd64 8.2.32-1~deb12u1
2026-07-08 06:39:44 configure libmagic-mgc:amd64 1:5.44-3 <none>
2026-07-08 06:39:44 status unpacked libmagic-mgc:amd64 1:5.44-3
2026-07-08 06:39:44 status half-configured libmagic-mgc:amd64 1:5.44-3
2026-07-08 06:39:44 status installed libmagic-mgc:amd64 1:5.44-3
2026-07-08 06:39:44 configure php8.2-opcache:amd64 8.2.32-1~deb12u1 <none>
2026-07-08 06:39:44 status unpacked php8.2-opcache:amd64 8.2.32-1~deb12u1
2026-07-08 06:39:44 status half-configured php8.2-opcache:amd64 8.2.32-1~deb12u1
2026-07-08 06:39:44 status installed php8.2-opcache:amd64 8.2.32-1~deb12u1
2026-07-08 06:39:44 configure libargon2-1:amd64 0~20171227-0.3+deb12u1 <none>
2026-07-08 06:39:44 status unpacked libargon2-1:amd64 0~20171227-0.3+deb12u1
2026-07-08 06:39:44 status half-configured libargon2-1:amd64 0~20171227-0.3+deb12u1
2026-07-08 06:39:44 status installed libargon2-1:amd64 0~20171227-0.3+deb12u1
2026-07-08 06:39:44 configure libzip4:amd64 1.7.3-1+b1 <none>
2026-07-08 06:39:44 status unpacked libzip4:amd64 1.7.3-1+b1
2026-07-08 06:39:44 status half-configured libzip4:amd64 1.7.3-1+b1
2026-07-08 06:39:44 status installed libzip4:amd64 1.7.3-1+b1
2026-07-08 06:39:44 configure libxmlrpc-epi0:amd64 0.54.2-1.3+b1 <none>
2026-07-08 06:39:44 status unpacked libxmlrpc-epi0:amd64 0.54.2-1.3+b1
2026-07-08 06:39:44 status half-configured libxmlrpc-epi0:amd64 0.54.2-1.3+b1
2026-07-08 06:39:44 status installed libxmlrpc-epi0:amd64 0.54.2-1.3+b1
2026-07-08 06:39:44 configure php8.2-readline:amd64 8.2.32-1~deb12u1 <none>
2026-07-08 06:39:44 status unpacked php8.2-readline:amd64 8.2.32-1~deb12u1
2026-07-08 06:39:44 status half-configured php8.2-readline:amd64 8.2.32-1~deb12u1
2026-07-08 06:39:45 status installed php8.2-readline:amd64 8.2.32-1~deb12u1
2026-07-08 06:39:45 configure libmagic1:amd64 1:5.44-3 <none>
2026-07-08 06:39:45 status unpacked libmagic1:amd64 1:5.44-3
2026-07-08 06:39:45 status half-configured libmagic1:amd64 1:5.44-3
2026-07-08 06:39:45 status installed libmagic1:amd64 1:5.44-3
2026-07-08 06:39:45 configure nginx-common:all 1.22.1-9+deb12u9 <none>
2026-07-08 06:39:45 status unpacked nginx-common:all 1.22.1-9+deb12u9
2026-07-08 06:39:45 status half-configured nginx-common:all 1.22.1-9+deb12u9
2026-07-08 06:39:45 status installed nginx-common:all 1.22.1-9+deb12u9
2026-07-08 06:39:45 configure php8.2-intl:amd64 8.2.32-1~deb12u1 <none>
2026-07-08 06:39:45 status unpacked php8.2-intl:amd64 8.2.32-1~deb12u1
2026-07-08 06:39:45 status half-configured php8.2-intl:amd64 8.2.32-1~deb12u1
2026-07-08 06:39:46 status installed php8.2-intl:amd64 8.2.32-1~deb12u1
2026-07-08 06:39:46 configure php-intl:all 2:8.2+93 <none>
2026-07-08 06:39:46 status unpacked php-intl:all 2:8.2+93
2026-07-08 06:39:46 status half-configured php-intl:all 2:8.2+93
2026-07-08 06:39:46 status installed php-intl:all 2:8.2+93
2026-07-08 06:39:46 configure libcap2-bin:amd64 1:2.66-4+deb12u3+b1 <none>
2026-07-08 06:39:46 status unpacked libcap2-bin:amd64 1:2.66-4+deb12u3+b1
2026-07-08 06:39:46 status half-configured libcap2-bin:amd64 1:2.66-4+deb12u3+b1
2026-07-08 06:39:46 status installed libcap2-bin:amd64 1:2.66-4+deb12u3+b1
2026-07-08 06:39:46 configure php8.2-curl:amd64 8.2.32-1~deb12u1 <none>
2026-07-08 06:39:46 status unpacked php8.2-curl:amd64 8.2.32-1~deb12u1
2026-07-08 06:39:46 status half-configured php8.2-curl:amd64 8.2.32-1~deb12u1
2026-07-08 06:39:46 status installed php8.2-curl:amd64 8.2.32-1~deb12u1
2026-07-08 06:39:46 configure libproc2-0:amd64 2:4.0.2-3 <none>
2026-07-08 06:39:46 status unpacked libproc2-0:amd64 2:4.0.2-3
2026-07-08 06:39:46 status half-configured libproc2-0:amd64 2:4.0.2-3
2026-07-08 06:39:46 status installed libproc2-0:amd64 2:4.0.2-3
2026-07-08 06:39:46 configure libmnl0:amd64 1.0.4-3 <none>
2026-07-08 06:39:46 status unpacked libmnl0:amd64 1.0.4-3
2026-07-08 06:39:46 status half-configured libmnl0:amd64 1.0.4-3
2026-07-08 06:39:46 status installed libmnl0:amd64 1.0.4-3
2026-07-08 06:39:46 configure libxtables12:amd64 1.8.9-2 <none>
2026-07-08 06:39:46 status unpacked libxtables12:amd64 1.8.9-2
2026-07-08 06:39:46 status half-configured libxtables12:amd64 1.8.9-2
2026-07-08 06:39:46 status installed libxtables12:amd64 1.8.9-2
2026-07-08 06:39:46 configure libfdisk1:amd64 2.38.1-5+deb12u3 <none>
2026-07-08 06:39:46 status unpacked libfdisk1:amd64 2.38.1-5+deb12u3
2026-07-08 06:39:46 status half-configured libfdisk1:amd64 2.38.1-5+deb12u3
2026-07-08 06:39:46 status installed libfdisk1:amd64 2.38.1-5+deb12u3
2026-07-08 06:39:46 configure procps:amd64 2:4.0.2-3 <none>
2026-07-08 06:39:46 status unpacked procps:amd64 2:4.0.2-3
2026-07-08 06:39:46 status half-configured procps:amd64 2:4.0.2-3
2026-07-08 06:39:46 status installed procps:amd64 2:4.0.2-3
2026-07-08 06:39:46 configure libxslt1.1:amd64 1.1.35-1+deb12u4 <none>
2026-07-08 06:39:46 status unpacked libxslt1.1:amd64 1.1.35-1+deb12u4
2026-07-08 06:39:46 status half-configured libxslt1.1:amd64 1.1.35-1+deb12u4
2026-07-08 06:39:46 status installed libxslt1.1:amd64 1.1.35-1+deb12u4
2026-07-08 06:39:46 configure php8.2-cli:amd64 8.2.32-1~deb12u1 <none>
2026-07-08 06:39:46 status unpacked php8.2-cli:amd64 8.2.32-1~deb12u1
2026-07-08 06:39:46 status half-configured php8.2-cli:amd64 8.2.32-1~deb12u1
2026-07-08 06:39:47 status installed php8.2-cli:amd64 8.2.32-1~deb12u1
2026-07-08 06:39:47 status triggers-pending php8.2-cli:amd64 8.2.32-1~deb12u1
2026-07-08 06:39:47 configure php8.2-sqlite3:amd64 8.2.32-1~deb12u1 <none>
2026-07-08 06:39:47 status unpacked php8.2-sqlite3:amd64 8.2.32-1~deb12u1
2026-07-08 06:39:47 status half-configured php8.2-sqlite3:amd64 8.2.32-1~deb12u1
2026-07-08 06:39:48 status installed php8.2-sqlite3:amd64 8.2.32-1~deb12u1
2026-07-08 06:39:48 configure libelf1:amd64 0.188-2.1 <none>
2026-07-08 06:39:48 status unpacked libelf1:amd64 0.188-2.1
2026-07-08 06:39:48 status half-configured libelf1:amd64 0.188-2.1
2026-07-08 06:39:48 status installed libelf1:amd64 0.188-2.1
2026-07-08 06:39:48 configure libonig5:amd64 6.9.8-1 <none>
2026-07-08 06:39:48 status unpacked libonig5:amd64 6.9.8-1
2026-07-08 06:39:48 status half-configured libonig5:amd64 6.9.8-1
2026-07-08 06:39:48 status installed libonig5:amd64 6.9.8-1
2026-07-08 06:39:48 configure libbpf1:amd64 1:1.1.2-0+deb12u1 <none>
2026-07-08 06:39:48 status unpacked libbpf1:amd64 1:1.1.2-0+deb12u1
2026-07-08 06:39:48 status half-configured libbpf1:amd64 1:1.1.2-0+deb12u1
2026-07-08 06:39:48 status installed libbpf1:amd64 1:1.1.2-0+deb12u1
2026-07-08 06:39:48 configure libkmod2:amd64 30+20221128-1 <none>
2026-07-08 06:39:48 status unpacked libkmod2:amd64 30+20221128-1
2026-07-08 06:39:48 status half-configured libkmod2:amd64 30+20221128-1
2026-07-08 06:39:48 status installed libkmod2:amd64 30+20221128-1
2026-07-08 06:39:48 configure php-curl:all 2:8.2+93 <none>
2026-07-08 06:39:48 status unpacked php-curl:all 2:8.2+93
2026-07-08 06:39:48 status half-configured php-curl:all 2:8.2+93
2026-07-08 06:39:48 status installed php-curl:all 2:8.2+93
2026-07-08 06:39:48 configure php-bcmath:all 2:8.2+93 <none>
2026-07-08 06:39:48 status unpacked php-bcmath:all 2:8.2+93
2026-07-08 06:39:48 status half-configured php-bcmath:all 2:8.2+93
2026-07-08 06:39:48 status installed php-bcmath:all 2:8.2+93
2026-07-08 06:39:48 configure php8.2-zip:amd64 8.2.32-1~deb12u1 <none>
2026-07-08 06:39:48 status unpacked php8.2-zip:amd64 8.2.32-1~deb12u1
2026-07-08 06:39:48 status half-configured php8.2-zip:amd64 8.2.32-1~deb12u1
2026-07-08 06:39:48 status installed php8.2-zip:amd64 8.2.32-1~deb12u1
2026-07-08 06:39:48 configure iproute2:amd64 6.1.0-3 <none>
2026-07-08 06:39:48 status unpacked iproute2:amd64 6.1.0-3
2026-07-08 06:39:48 status half-configured iproute2:amd64 6.1.0-3
2026-07-08 06:39:48 status installed iproute2:amd64 6.1.0-3
2026-07-08 06:39:48 configure php8.2-mbstring:amd64 8.2.32-1~deb12u1 <none>
2026-07-08 06:39:48 status unpacked php8.2-mbstring:amd64 8.2.32-1~deb12u1
2026-07-08 06:39:48 status half-configured php8.2-mbstring:amd64 8.2.32-1~deb12u1
2026-07-08 06:39:49 status installed php8.2-mbstring:amd64 8.2.32-1~deb12u1
2026-07-08 06:39:49 configure php-sqlite3:all 2:8.2+93 <none>
2026-07-08 06:39:49 status unpacked php-sqlite3:all 2:8.2+93
2026-07-08 06:39:49 status half-configured php-sqlite3:all 2:8.2+93
2026-07-08 06:39:49 status installed php-sqlite3:all 2:8.2+93
2026-07-08 06:39:49 configure php-mbstring:all 2:8.2+93 <none>
2026-07-08 06:39:49 status unpacked php-mbstring:all 2:8.2+93
2026-07-08 06:39:49 status half-configured php-mbstring:all 2:8.2+93
2026-07-08 06:39:49 status installed php-mbstring:all 2:8.2+93
2026-07-08 06:39:49 configure php8.2-xmlrpc:amd64 3:1.0.0~rc3-6 <none>
2026-07-08 06:39:49 status unpacked php8.2-xmlrpc:amd64 3:1.0.0~rc3-6
2026-07-08 06:39:49 status half-configured php8.2-xmlrpc:amd64 3:1.0.0~rc3-6
2026-07-08 06:39:49 status installed php8.2-xmlrpc:amd64 3:1.0.0~rc3-6
2026-07-08 06:39:49 configure php8.2-xml:amd64 8.2.32-1~deb12u1 <none>
2026-07-08 06:39:49 status unpacked php8.2-xml:amd64 8.2.32-1~deb12u1
2026-07-08 06:39:49 status half-configured php8.2-xml:amd64 8.2.32-1~deb12u1
2026-07-08 06:39:51 status installed php8.2-xml:amd64 8.2.32-1~deb12u1
2026-07-08 06:39:51 configure libsystemd-shared:amd64 252.39-1~deb12u2 <none>
2026-07-08 06:39:51 status unpacked libsystemd-shared:amd64 252.39-1~deb12u2
2026-07-08 06:39:51 status half-configured libsystemd-shared:amd64 252.39-1~deb12u2
2026-07-08 06:39:51 status installed libsystemd-shared:amd64 252.39-1~deb12u2
2026-07-08 06:39:51 configure php-xmlrpc:amd64 3:1.0.0~rc3-6 <none>
2026-07-08 06:39:51 status unpacked php-xmlrpc:amd64 3:1.0.0~rc3-6
2026-07-08 06:39:51 status half-configured php-xmlrpc:amd64 3:1.0.0~rc3-6
2026-07-08 06:39:51 status installed php-xmlrpc:amd64 3:1.0.0~rc3-6
2026-07-08 06:39:51 configure php-cli:all 2:8.2+93 <none>
2026-07-08 06:39:51 status unpacked php-cli:all 2:8.2+93
2026-07-08 06:39:51 status half-configured php-cli:all 2:8.2+93
2026-07-08 06:39:51 status installed php-cli:all 2:8.2+93
2026-07-08 06:39:51 configure php-zip:all 2:8.2+93 <none>
2026-07-08 06:39:51 status unpacked php-zip:all 2:8.2+93
2026-07-08 06:39:51 status half-configured php-zip:all 2:8.2+93
2026-07-08 06:39:51 status installed php-zip:all 2:8.2+93
2026-07-08 06:39:51 configure php-xml:all 2:8.2+93 <none>
2026-07-08 06:39:51 status unpacked php-xml:all 2:8.2+93
2026-07-08 06:39:51 status half-configured php-xml:all 2:8.2+93
2026-07-08 06:39:51 status installed php-xml:all 2:8.2+93
2026-07-08 06:39:51 configure nginx:amd64 1.22.1-9+deb12u9 <none>
2026-07-08 06:39:51 status unpacked nginx:amd64 1.22.1-9+deb12u9
2026-07-08 06:39:51 status half-configured nginx:amd64 1.22.1-9+deb12u9
2026-07-08 06:39:51 status installed nginx:amd64 1.22.1-9+deb12u9
2026-07-08 06:39:51 configure libnginx-mod-http-echo:amd64 1:0.63-4 <none>
2026-07-08 06:39:51 status unpacked libnginx-mod-http-echo:amd64 1:0.63-4
2026-07-08 06:39:51 status half-configured libnginx-mod-http-echo:amd64 1:0.63-4
2026-07-08 06:39:51 status installed libnginx-mod-http-echo:amd64 1:0.63-4
2026-07-08 06:39:51 status triggers-pending nginx:amd64 1.22.1-9+deb12u9
2026-07-08 06:39:51 configure nginx-light:all 1.22.1-9+deb12u9 <none>
2026-07-08 06:39:51 status unpacked nginx-light:all 1.22.1-9+deb12u9
2026-07-08 06:39:51 status half-configured nginx-light:all 1.22.1-9+deb12u9
2026-07-08 06:39:51 status installed nginx-light:all 1.22.1-9+deb12u9
2026-07-08 06:39:51 configure libdevmapper1.02.1:amd64 2:1.02.185-2 <none>
2026-07-08 06:39:51 status unpacked libdevmapper1.02.1:amd64 2:1.02.185-2
2026-07-08 06:39:51 status half-configured libdevmapper1.02.1:amd64 2:1.02.185-2
2026-07-08 06:39:51 status installed libdevmapper1.02.1:amd64 2:1.02.185-2
2026-07-08 06:39:51 configure dmsetup:amd64 2:1.02.185-2 <none>
2026-07-08 06:39:51 status unpacked dmsetup:amd64 2:1.02.185-2
2026-07-08 06:39:51 status half-configured dmsetup:amd64 2:1.02.185-2
2026-07-08 06:39:51 status installed dmsetup:amd64 2:1.02.185-2
2026-07-08 06:39:51 configure libcryptsetup12:amd64 2:2.6.1-4~deb12u2 <none>
2026-07-08 06:39:51 status unpacked libcryptsetup12:amd64 2:2.6.1-4~deb12u2
2026-07-08 06:39:51 status half-configured libcryptsetup12:amd64 2:2.6.1-4~deb12u2
2026-07-08 06:39:51 status installed libcryptsetup12:amd64 2:2.6.1-4~deb12u2
2026-07-08 06:39:51 configure systemd:amd64 252.39-1~deb12u2 <none>
2026-07-08 06:39:51 status unpacked systemd:amd64 252.39-1~deb12u2
2026-07-08 06:39:51 status half-configured systemd:amd64 252.39-1~deb12u2
2026-07-08 06:39:51 status installed systemd:amd64 252.39-1~deb12u2
2026-07-08 06:39:51 configure php8.2-fpm:amd64 8.2.32-1~deb12u1 <none>
2026-07-08 06:39:51 status unpacked php8.2-fpm:amd64 8.2.32-1~deb12u1
2026-07-08 06:39:51 status half-configured php8.2-fpm:amd64 8.2.32-1~deb12u1
2026-07-08 06:39:53 status installed php8.2-fpm:amd64 8.2.32-1~deb12u1
2026-07-08 06:39:53 status triggers-pending php8.2-fpm:amd64 8.2.32-1~deb12u1
2026-07-08 06:39:53 configure php-fpm:all 2:8.2+93 <none>
2026-07-08 06:39:53 status unpacked php-fpm:all 2:8.2+93
2026-07-08 06:39:53 status half-configured php-fpm:all 2:8.2+93
2026-07-08 06:39:53 status installed php-fpm:all 2:8.2+93
2026-07-08 06:39:53 trigproc libc-bin:amd64 2.36-9+deb12u14 <none>
2026-07-08 06:39:53 status half-configured libc-bin:amd64 2.36-9+deb12u14
2026-07-08 06:39:53 status installed libc-bin:amd64 2.36-9+deb12u14
2026-07-08 06:39:53 trigproc php8.2-cli:amd64 8.2.32-1~deb12u1 <none>
2026-07-08 06:39:53 status half-configured php8.2-cli:amd64 8.2.32-1~deb12u1
2026-07-08 06:39:53 status installed php8.2-cli:amd64 8.2.32-1~deb12u1
2026-07-08 06:39:53 trigproc nginx:amd64 1.22.1-9+deb12u9 <none>
2026-07-08 06:39:53 status half-configured nginx:amd64 1.22.1-9+deb12u9
2026-07-08 06:39:53 status installed nginx:amd64 1.22.1-9+deb12u9
2026-07-08 06:39:53 trigproc php8.2-fpm:amd64 8.2.32-1~deb12u1 <none>
2026-07-08 06:39:53 status half-configured php8.2-fpm:amd64 8.2.32-1~deb12u1
2026-07-08 06:39:53 status installed php8.2-fpm:amd64 8.2.32-1~deb12u1
2026-07-08 06:39:55 startup archives unpack
2026-07-08 06:39:55 install sgml-base:all <none> 1.31
2026-07-08 06:39:55 status half-installed sgml-base:all 1.31
2026-07-08 06:39:55 status unpacked sgml-base:all 1.31
2026-07-08 06:39:55 install mlock:amd64 <none> 8:2007f~dfsg-7+b2
2026-07-08 06:39:55 status half-installed mlock:amd64 8:2007f~dfsg-7+b2
2026-07-08 06:39:55 status unpacked mlock:amd64 8:2007f~dfsg-7+b2
2026-07-08 06:39:55 install libc-client2007e:amd64 <none> 8:2007f~dfsg-7+b2
2026-07-08 06:39:55 status triggers-pending libc-bin:amd64 2.36-9+deb12u14
2026-07-08 06:39:55 status half-installed libc-client2007e:amd64 8:2007f~dfsg-7+b2
2026-07-08 06:39:55 status unpacked libc-client2007e:amd64 8:2007f~dfsg-7+b2
2026-07-08 06:39:55 install php8.2-imap:amd64 <none> 8.2.32-1~deb12u1
2026-07-08 06:39:55 status triggers-pending php8.2-fpm:amd64 8.2.32-1~deb12u1
2026-07-08 06:39:55 status half-installed php8.2-imap:amd64 8.2.32-1~deb12u1
2026-07-08 06:39:55 status unpacked php8.2-imap:amd64 8.2.32-1~deb12u1
2026-07-08 06:39:55 install php-imap:all <none> 2:8.2+93
2026-07-08 06:39:55 status half-installed php-imap:all 2:8.2+93
2026-07-08 06:39:55 status unpacked php-imap:all 2:8.2+93
2026-07-08 06:39:55 install php8.2-soap:amd64 <none> 8.2.32-1~deb12u1
2026-07-08 06:39:55 status half-installed php8.2-soap:amd64 8.2.32-1~deb12u1
2026-07-08 06:39:55 status unpacked php8.2-soap:amd64 8.2.32-1~deb12u1
2026-07-08 06:39:55 install php-soap:all <none> 2:8.2+93
2026-07-08 06:39:55 status half-installed php-soap:all 2:8.2+93
2026-07-08 06:39:55 status unpacked php-soap:all 2:8.2+93
2026-07-08 06:39:55 startup packages configure
2026-07-08 06:39:55 configure sgml-base:all 1.31 <none>
2026-07-08 06:39:55 status unpacked sgml-base:all 1.31
2026-07-08 06:39:55 status half-configured sgml-base:all 1.31
2026-07-08 06:39:55 status installed sgml-base:all 1.31
2026-07-08 06:39:55 configure php8.2-soap:amd64 8.2.32-1~deb12u1 <none>
2026-07-08 06:39:55 status unpacked php8.2-soap:amd64 8.2.32-1~deb12u1
2026-07-08 06:39:55 status half-configured php8.2-soap:amd64 8.2.32-1~deb12u1
2026-07-08 06:39:56 status installed php8.2-soap:amd64 8.2.32-1~deb12u1
2026-07-08 06:39:56 status triggers-pending php8.2-cli:amd64 8.2.32-1~deb12u1
2026-07-08 06:39:56 configure mlock:amd64 8:2007f~dfsg-7+b2 <none>
2026-07-08 06:39:56 status unpacked mlock:amd64 8:2007f~dfsg-7+b2
2026-07-08 06:39:56 status half-configured mlock:amd64 8:2007f~dfsg-7+b2
2026-07-08 06:39:56 status installed mlock:amd64 8:2007f~dfsg-7+b2
2026-07-08 06:39:56 configure php-soap:all 2:8.2+93 <none>
2026-07-08 06:39:56 status unpacked php-soap:all 2:8.2+93
2026-07-08 06:39:56 status half-configured php-soap:all 2:8.2+93
2026-07-08 06:39:56 status installed php-soap:all 2:8.2+93
2026-07-08 06:39:56 configure libc-client2007e:amd64 8:2007f~dfsg-7+b2 <none>
2026-07-08 06:39:56 status unpacked libc-client2007e:amd64 8:2007f~dfsg-7+b2
2026-07-08 06:39:56 status half-configured libc-client2007e:amd64 8:2007f~dfsg-7+b2
2026-07-08 06:39:56 status installed libc-client2007e:amd64 8:2007f~dfsg-7+b2
2026-07-08 06:39:56 configure php8.2-imap:amd64 8.2.32-1~deb12u1 <none>
2026-07-08 06:39:56 status unpacked php8.2-imap:amd64 8.2.32-1~deb12u1
2026-07-08 06:39:56 status half-configured php8.2-imap:amd64 8.2.32-1~deb12u1
2026-07-08 06:39:56 status installed php8.2-imap:amd64 8.2.32-1~deb12u1
2026-07-08 06:39:56 configure php-imap:all 2:8.2+93 <none>
2026-07-08 06:39:56 status unpacked php-imap:all 2:8.2+93
2026-07-08 06:39:56 status half-configured php-imap:all 2:8.2+93
2026-07-08 06:39:56 status installed php-imap:all 2:8.2+93
2026-07-08 06:39:56 trigproc php8.2-fpm:amd64 8.2.32-1~deb12u1 <none>
2026-07-08 06:39:56 status half-configured php8.2-fpm:amd64 8.2.32-1~deb12u1
2026-07-08 06:39:56 status installed php8.2-fpm:amd64 8.2.32-1~deb12u1
2026-07-08 06:39:56 trigproc libc-bin:amd64 2.36-9+deb12u14 <none>
2026-07-08 06:39:56 status half-configured libc-bin:amd64 2.36-9+deb12u14
2026-07-08 06:39:56 status installed libc-bin:amd64 2.36-9+deb12u14
2026-07-08 06:39:56 trigproc php8.2-cli:amd64 8.2.32-1~deb12u1 <none>
2026-07-08 06:39:56 status half-configured php8.2-cli:amd64 8.2.32-1~deb12u1
2026-07-08 06:39:56 status installed php8.2-cli:amd64 8.2.32-1~deb12u1
2026-07-08 06:39:58 startup archives unpack
2026-07-08 06:39:58 install perl-modules-5.36:all <none> 5.36.0-7+deb12u3
2026-07-08 06:39:58 status half-installed perl-modules-5.36:all 5.36.0-7+deb12u3
2026-07-08 06:39:59 status unpacked perl-modules-5.36:all 5.36.0-7+deb12u3
2026-07-08 06:39:59 install libgdbm6:amd64 <none> 1.23-3
2026-07-08 06:39:59 status triggers-pending libc-bin:amd64 2.36-9+deb12u14
2026-07-08 06:39:59 status half-installed libgdbm6:amd64 1.23-3
2026-07-08 06:39:59 status unpacked libgdbm6:amd64 1.23-3
2026-07-08 06:39:59 install libgdbm-compat4:amd64 <none> 1.23-3
2026-07-08 06:39:59 status half-installed libgdbm-compat4:amd64 1.23-3
2026-07-08 06:39:59 status unpacked libgdbm-compat4:amd64 1.23-3
2026-07-08 06:39:59 install libperl5.36:amd64 <none> 5.36.0-7+deb12u3
2026-07-08 06:39:59 status half-installed libperl5.36:amd64 5.36.0-7+deb12u3
2026-07-08 06:39:59 status unpacked libperl5.36:amd64 5.36.0-7+deb12u3
2026-07-08 06:40:00 install perl:amd64 <none> 5.36.0-7+deb12u3
2026-07-08 06:40:00 status half-installed perl:amd64 5.36.0-7+deb12u3
2026-07-08 06:40:00 status unpacked perl:amd64 5.36.0-7+deb12u3
2026-07-08 06:40:00 install libcurl3-gnutls:amd64 <none> 7.88.1-10+deb12u14
2026-07-08 06:40:00 status half-installed libcurl3-gnutls:amd64 7.88.1-10+deb12u14
2026-07-08 06:40:00 status unpacked libcurl3-gnutls:amd64 7.88.1-10+deb12u14
2026-07-08 06:40:00 install liberror-perl:all <none> 0.17029-2
2026-07-08 06:40:00 status half-installed liberror-perl:all 0.17029-2
2026-07-08 06:40:00 status unpacked liberror-perl:all 0.17029-2
2026-07-08 06:40:00 install git-man:all <none> 1:2.39.5-0+deb12u3
2026-07-08 06:40:00 status half-installed git-man:all 1:2.39.5-0+deb12u3
2026-07-08 06:40:00 status unpacked git-man:all 1:2.39.5-0+deb12u3
2026-07-08 06:40:00 install git:amd64 <none> 1:2.39.5-0+deb12u3
2026-07-08 06:40:00 status half-installed git:amd64 1:2.39.5-0+deb12u3
2026-07-08 06:40:01 status unpacked git:amd64 1:2.39.5-0+deb12u3
2026-07-08 06:40:01 startup packages configure
2026-07-08 06:40:01 configure libcurl3-gnutls:amd64 7.88.1-10+deb12u14 <none>
2026-07-08 06:40:01 status unpacked libcurl3-gnutls:amd64 7.88.1-10+deb12u14
2026-07-08 06:40:01 status half-configured libcurl3-gnutls:amd64 7.88.1-10+deb12u14
2026-07-08 06:40:01 status installed libcurl3-gnutls:amd64 7.88.1-10+deb12u14
2026-07-08 06:40:01 configure perl-modules-5.36:all 5.36.0-7+deb12u3 <none>
2026-07-08 06:40:01 status unpacked perl-modules-5.36:all 5.36.0-7+deb12u3
2026-07-08 06:40:01 status half-configured perl-modules-5.36:all 5.36.0-7+deb12u3
2026-07-08 06:40:01 status installed perl-modules-5.36:all 5.36.0-7+deb12u3
2026-07-08 06:40:01 configure git-man:all 1:2.39.5-0+deb12u3 <none>
2026-07-08 06:40:01 status unpacked git-man:all 1:2.39.5-0+deb12u3
2026-07-08 06:40:01 status half-configured git-man:all 1:2.39.5-0+deb12u3
2026-07-08 06:40:01 status installed git-man:all 1:2.39.5-0+deb12u3
2026-07-08 06:40:01 configure libgdbm6:amd64 1.23-3 <none>
2026-07-08 06:40:01 status unpacked libgdbm6:amd64 1.23-3
2026-07-08 06:40:01 status half-configured libgdbm6:amd64 1.23-3
2026-07-08 06:40:01 status installed libgdbm6:amd64 1.23-3
2026-07-08 06:40:01 configure libgdbm-compat4:amd64 1.23-3 <none>
2026-07-08 06:40:01 status unpacked libgdbm-compat4:amd64 1.23-3
2026-07-08 06:40:01 status half-configured libgdbm-compat4:amd64 1.23-3
2026-07-08 06:40:01 status installed libgdbm-compat4:amd64 1.23-3
2026-07-08 06:40:01 configure libperl5.36:amd64 5.36.0-7+deb12u3 <none>
2026-07-08 06:40:01 status unpacked libperl5.36:amd64 5.36.0-7+deb12u3
2026-07-08 06:40:01 status half-configured libperl5.36:amd64 5.36.0-7+deb12u3
2026-07-08 06:40:01 status installed libperl5.36:amd64 5.36.0-7+deb12u3
2026-07-08 06:40:01 configure perl:amd64 5.36.0-7+deb12u3 <none>
2026-07-08 06:40:01 status unpacked perl:amd64 5.36.0-7+deb12u3
2026-07-08 06:40:01 status half-configured perl:amd64 5.36.0-7+deb12u3
2026-07-08 06:40:01 status installed perl:amd64 5.36.0-7+deb12u3
2026-07-08 06:40:01 configure liberror-perl:all 0.17029-2 <none>
2026-07-08 06:40:01 status unpacked liberror-perl:all 0.17029-2
2026-07-08 06:40:01 status half-configured liberror-perl:all 0.17029-2
2026-07-08 06:40:01 status installed liberror-perl:all 0.17029-2
2026-07-08 06:40:01 configure git:amd64 1:2.39.5-0+deb12u3 <none>
2026-07-08 06:40:01 status unpacked git:amd64 1:2.39.5-0+deb12u3
2026-07-08 06:40:01 status half-configured git:amd64 1:2.39.5-0+deb12u3
2026-07-08 06:40:01 status installed git:amd64 1:2.39.5-0+deb12u3
2026-07-08 06:40:01 trigproc libc-bin:amd64 2.36-9+deb12u14 <none>
2026-07-08 06:40:01 status half-configured libc-bin:amd64 2.36-9+deb12u14
2026-07-08 06:40:01 status installed libc-bin:amd64 2.36-9+deb12u14
2026-07-08 06:40:05 startup archives install
2026-07-08 06:40:05 install clamav:amd64 <none> 1.4.2-1
2026-07-08 06:40:05 status half-installed clamav:amd64 1.4.2-1
2026-07-08 06:40:08 status unpacked clamav:amd64 1.4.2-1
2026-07-08 06:40:08 configure clamav:amd64 1.4.2-1 1.4.2-1
2026-07-08 06:40:08 status half-configured clamav:amd64 1.4.2-1
2026-07-08 06:40:08 status installed clamav:amd64 1.4.2-1
2026-07-08 06:40:39 startup packages remove
2026-07-08 06:40:39 status installed git:amd64 1:2.39.5-0+deb12u3
2026-07-08 06:40:39 remove git:amd64 1:2.39.5-0+deb12u3 <none>
2026-07-08 06:40:39 status half-configured git:amd64 1:2.39.5-0+deb12u3
2026-07-08 06:40:39 status half-installed git:amd64 1:2.39.5-0+deb12u3
2026-07-08 06:40:39 status config-files git:amd64 1:2.39.5-0+deb12u3
2026-07-08 06:40:39 startup packages configure
